ID,Time,Steam_flow
1,2021-12-22 23:30:00,57.43653188009216
2,2021-12-22 23:30:01,47.32433786276348
3,2021-12-22 23:30:02,38.410062254578875
4,2021-12-22 23:30:03,23.28327420316132
5,2021-12-22 23:30:04,10.61275773426603
6,2021-12-22 23:30:05,6.140871417894882
7,2021-12-22 23:30:06,6.159351718798202
8,2021-12-22 23:30:07,6.162464511766952
9,2021-12-22 23:30:08,6.177656543627304
10,2021-12-22 23:30:09,6.229484928026718
11,2021-12-22 23:30:10,6.181732547655624
12,2021-12-22 23:30:11,6.14334524907164
13,2021-12-22 23:30:12,6.122278583422226
14,2021-12-22 23:30:13,6.114635837450546
15,2021-12-22 23:30:14,6.102405918016952
16,2021-12-22 23:30:15,6.102615726366562
17,2021-12-22 23:30:16,6.165398013964218
18,2021-12-22 23:30:17,6.185470950975937
19,2021-12-22 23:30:18,6.187370670214218
20,2021-12-22 23:30:19,6.18268622197203
21,2021-12-22 23:30:20,6.191992175951523
22,2021-12-22 23:30:21,6.14771307744078
23,2021-12-22 23:30:22,6.358637226000351
24,2021-12-22 23:30:23,6.371155155077499
25,2021-12-22 23:30:24,6.383673084154648
26,2021-12-22 23:30:25,6.4527562979608
27,2021-12-22 23:30:26,6.492316615953964
28,2021-12-22 23:30:27,6.521157634630722
29,2021-12-22 23:30:28,6.543727291002792
30,2021-12-22 23:30:29,6.743996990099472
31,2021-12-22 23:30:30,6.737462413683456
32,2021-12-22 23:30:31,6.72613276280455
33,2021-12-22 23:30:32,6.7387517813592375
34,2021-12-22 23:30:33,6.763692272081894
35,2021-12-22 23:30:34,6.781957996264023
36,2021-12-22 23:30:35,6.781094921007675
37,2021-12-22 23:30:36,7.038010013475937
38,2021-12-22 23:30:37,7.007816684618515
39,2021-12-22 23:30:38,6.982966792955917
40,2021-12-22 23:30:39,5.053818118944687
41,2021-12-22 23:30:40,5.07173765934996
42,2021-12-22 23:30:41,5.06543768681578
43,2021-12-22 23:30:42,5.199585330858749
44,2021-12-22 23:30:43,5.186176669970077
45,2021-12-22 23:30:44,5.18500555790953
46,2021-12-22 23:30:45,5.160728824511093
47,2021-12-22 23:30:46,5.176966083422226
48,2021-12-22 23:30:47,5.184383762255234
49,2021-12-22 23:30:48,5.178486240282577
50,2021-12-22 23:30:49,5.520986926928085
51,2021-12-22 23:30:50,5.516556156054062
52,2021-12-22 23:30:51,5.5346855048089445
53,2021-12-22 23:30:52,5.535770786181015
54,2021-12-22 23:30:53,5.536543262377304
55,2021-12-22 23:30:54,5.572258365526718
56,2021-12-22 23:30:55,5.832191837206405
57,2021-12-22 23:30:56,5.840763461962265
58,2021-12-22 23:30:57,5.832086933031601
59,2021-12-22 23:30:58,5.831558597460312
60,2021-12-22 23:30:59,5.846119296923202
61,2021-12-22 23:31:00,5.839107883348984
62,2021-12-22 23:31:01,5.834904086962265
63,2021-12-22 23:31:02,6.019756687059921
64,2021-12-22 23:31:03,6.02242125309996
65,2021-12-22 23:31:04,6.010229480639023
66,2021-12-22 23:31:05,6.020038974657577
67,2021-12-22 23:31:06,6.023815524950546
68,2021-12-22 23:31:07,6.028854740038437
69,2021-12-22 23:31:08,6.023060214891952
70,2021-12-22 23:31:09,6.256010425463241
71,2021-12-22 23:31:10,6.211927783861679
72,2021-12-22 23:31:11,6.211927783861679
73,2021-12-22 23:31:12,6.254818332567734
74,2021-12-22 23:31:13,6.263168704882187
75,2021-12-22 23:31:14,6.264009845629257
76,2021-12-22 23:31:15,6.498902690783066
77,2021-12-22 23:31:16,6.4984258536248625
78,2021-12-22 23:31:17,6.490188014879745
79,2021-12-22 23:31:18,6.50178087986998
80,2021-12-22 23:31:19,6.488044155016464
81,2021-12-22 23:31:20,6.483191860094589
82,2021-12-22 23:31:21,6.469640148058456
83,2021-12-22 23:31:22,6.5832952383904875
84,2021-12-22 23:31:23,6.574418437853378
85,2021-12-22 23:31:24,6.599000347033066
86,2021-12-22 23:31:25,6.597886455431503
87,2021-12-22 23:31:26,6.589810741320175
88,2021-12-22 23:31:27,6.611050975695175
89,2021-12-22 23:31:28,6.763217342272323
90,2021-12-22 23:31:29,6.772684467211288
91,2021-12-22 23:31:30,6.745368373766464
92,2021-12-22 23:31:31,6.739561450853866
93,2021-12-22 23:31:32,6.7415336493401945
94,2021-12-22 23:31:33,6.7289956931024015
95,2021-12-22 23:31:34,6.756254566088241
96,2021-12-22 23:31:35,7.070336711779159
97,2021-12-22 23:31:36,7.092386615648788
98,2021-12-22 23:31:37,7.1035379294305265
99,2021-12-22 23:31:38,7.11346186436705
100,2021-12-22 23:31:39,7.084498775377792
101,2021-12-22 23:31:40,7.058049571886581
102,2021-12-22 23:31:41,7.041498554125351
103,2021-12-22 23:31:42,6.831912410631698
104,2021-12-22 23:31:43,6.839797389879745
105,2021-12-22 23:31:44,6.8374456290154875
106,2021-12-22 23:31:45,6.784783733263534
107,2021-12-22 23:31:46,6.792465579882187
108,2021-12-22 23:31:47,6.72247065342955
109,2021-12-22 23:31:48,7.21473254002623
110,2021-12-22 23:31:49,7.169085872545761
111,2021-12-22 23:31:50,7.171761882677597
112,2021-12-22 23:31:51,7.180964839830917
113,2021-12-22 23:31:52,7.1639932516961515
114,2021-12-22 23:31:53,7.180171382799667
115,2021-12-22 23:31:54,7.167878520861191
116,2021-12-22 23:31:55,7.097829234972519
117,2021-12-22 23:31:56,7.101292980089706
118,2021-12-22 23:31:57,7.101292980089706
119,2021-12-22 23:31:58,7.091442478075546
120,2021-12-22 23:31:59,7.083662403002304
121,2021-12-22 23:32:00,7.124464404955429
122,2021-12-22 23:32:01,7.324326885119003
123,2021-12-22 23:32:02,7.339486492052597
124,2021-12-22 23:32:03,7.322924983873886
125,2021-12-22 23:32:04,7.318668735399765
126,2021-12-22 23:32:05,7.295953166857284
127,2021-12-22 23:32:06,7.304106128588241
128,2021-12-22 23:32:07,7.318759334459823
129,2021-12-22 23:32:08,7.59577215947203
130,2021-12-22 23:32:09,7.610904109850448
131,2021-12-22 23:32:10,7.594460857286972
132,2021-12-22 23:32:11,7.600482356920761
133,2021-12-22 23:32:12,7.606728923693222
134,2021-12-22 23:32:13,7.610693347826523
135,2021-12-22 23:32:14,7.582780254259628
136,2021-12-22 23:32:15,7.454649341478866
137,2021-12-22 23:32:16,7.2949136618524015
138,2021-12-22 23:32:17,7.088931453600448
139,2021-12-22 23:32:18,7.053165805712265
140,2021-12-22 23:32:19,7.0859598044305265
141,2021-12-22 23:32:20,7.065986049547714
142,2021-12-22 23:32:21,7.0740274313836515
143,2021-12-22 23:32:22,7.09009875096373
144,2021-12-22 23:32:23,7.065937412157577
145,2021-12-22 23:32:24,7.054373157396835
146,2021-12-22 23:32:25,7.049901378527206
147,2021-12-22 23:32:26,7.023719203844589
148,2021-12-22 23:32:27,7.01430357731871
149,2021-12-22 23:32:28,7.285695445910019
150,2021-12-22 23:32:29,7.28754748143248
151,2021-12-22 23:32:30,7.274135959520859
152,2021-12-22 23:32:31,7.2840398672967375
153,2021-12-22 23:32:32,7.272784603014511
154,2021-12-22 23:32:33,7.25396479405455
155,2021-12-22 23:32:34,7.205748927965683
156,2021-12-22 23:32:35,7.197392833605331
157,2021-12-22 23:32:36,7.18852175511412
158,2021-12-22 23:32:37,7.195098293200058
159,2021-12-22 23:32:38,7.164031398668808
160,2021-12-22 23:32:39,7.164031398668808
161,2021-12-22 23:32:40,7.141177547350448
162,2021-12-22 23:32:41,7.105813396349472
163,2021-12-22 23:32:42,7.138862026110214
164,2021-12-22 23:32:43,7.1283182028680265
165,2021-12-22 23:32:44,7.119136226549667
166,2021-12-22 23:32:45,7.103626621141952
167,2021-12-22 23:32:46,7.083354366198105
168,2021-12-22 23:32:47,7.0498527411370695
169,2021-12-22 23:32:48,7.254544628038925
170,2021-12-22 23:32:49,7.2550882223992765
171,2021-12-22 23:32:50,7.213334453478378
172,2021-12-22 23:32:51,7.177381885424179
173,2021-12-22 23:32:52,7.169480693712753
174,2021-12-22 23:32:53,7.205541026964706
175,2021-12-22 23:32:54,7.167877567186874
176,2021-12-22 23:32:55,7.130409610643905
177,2021-12-22 23:32:56,7.105273616686386
178,2021-12-22 23:32:57,7.092652690783066
179,2021-12-22 23:32:58,7.080352199450058
180,2021-12-22 23:32:59,7.123248470202011
181,2021-12-22 23:33:00,7.105964076891464
182,2021-12-22 23:33:01,7.24867857731871
183,2021-12-22 23:33:02,7.231627834215683
184,2021-12-22 23:33:03,7.210477245226425
185,2021-12-22 23:33:04,7.2530492667108
186,2021-12-22 23:33:05,7.254291904345077
187,2021-12-22 23:33:06,7.223761928453964
188,2021-12-22 23:33:07,7.229022395983261
189,2021-12-22 23:33:08,7.221576106920761
190,2021-12-22 23:33:09,7.2337869528680265
191,2021-12-22 23:33:10,7.263829601183456
192,2021-12-22 23:33:11,7.2274698141961515
193,2021-12-22 23:33:12,7.19129504002623
194,2021-12-22 23:33:13,7.130010974779648
195,2021-12-22 23:33:14,6.897761714830917
196,2021-12-22 23:33:15,6.859957111254257
197,2021-12-22 23:33:16,6.827040088549179
198,2021-12-22 23:33:17,6.8405279044061125
199,2021-12-22 23:33:18,6.8506034735589445
200,2021-12-22 23:33:19,6.85737170018248
201,2021-12-22 23:33:20,6.85737170018248
202,2021-12-22 23:33:21,7.148192775621933
203,2021-12-22 23:33:22,7.155494106188339
204,2021-12-22 23:33:23,7.151587856188339
205,2021-12-22 23:33:24,7.18210257329039
206,2021-12-22 23:33:25,7.210021388903183
207,2021-12-22 23:33:26,7.204322231188339
208,2021-12-22 23:33:27,7.005066287889999
209,2021-12-22 23:33:28,6.975139034166855
210,2021-12-22 23:33:29,6.929507625475448
211,2021-12-22 23:33:30,6.894164455309433
212,2021-12-22 23:33:31,6.871452701464218
213,2021-12-22 23:33:32,6.827930820360702
214,2021-12-22 23:33:33,6.815566432848495
215,2021-12-22 23:33:34,6.865764034166855
216,2021-12-22 23:33:35,6.85456408299498
217,2021-12-22 23:33:36,6.862572086229843
218,2021-12-22 23:33:37,6.887696636095566
219,2021-12-22 23:33:38,6.903499019518417
220,2021-12-22 23:33:39,6.941696536913437
221,2021-12-22 23:33:40,7.0721258047967375
222,2021-12-22 23:33:41,7.089605701342148
223,2021-12-22 23:33:42,7.142680538073105
224,2021-12-22 23:33:43,7.182437312975448
225,2021-12-22 23:33:44,7.1964029196649015
226,2021-12-22 23:33:45,7.254727733507675
227,2021-12-22 23:33:46,7.27405871190123
228,2021-12-22 23:33:47,7.183114421740097
229,2021-12-22 23:33:48,7.178507221117538
230,2021-12-22 23:33:49,7.151241672411484
231,2021-12-22 23:33:50,7.131961238756698
232,2021-12-22 23:33:51,7.144729030504745
233,2021-12-22 23:33:52,7.104806316271347
234,2021-12-22 23:33:53,7.085145366564316
235,2021-12-22 23:33:54,7.05741823948912
236,2021-12-22 23:33:55,7.012693775072616
237,2021-12-22 23:33:56,7.010988605394882
238,2021-12-22 23:33:57,7.013732326403183
239,2021-12-22 23:33:58,7.032931697741073
240,2021-12-22 23:33:59,7.017723453417343
241,2021-12-22 23:34:00,7.159119975939316
242,2021-12-22 23:34:01,7.062642467394394
243,2021-12-22 23:34:02,7.036017787828964
244,2021-12-22 23:34:03,7.036017787828964
245,2021-12-22 23:34:04,6.989112270250839
246,2021-12-22 23:34:05,7.0232671622186125
247,2021-12-22 23:34:06,6.992219341173691
248,2021-12-22 23:34:07,6.785619151964706
249,2021-12-22 23:34:08,6.847463024035019
250,2021-12-22 23:34:09,6.865422618761581
251,2021-12-22 23:34:10,6.892568958178085
252,2021-12-22 23:34:11,6.911930454149765
253,2021-12-22 23:34:12,6.9142583731561125
254,2021-12-22 23:34:13,7.140221012011093
255,2021-12-22 23:34:14,7.0875676993279875
256,2021-12-22 23:34:15,7.02485216893248
257,2021-12-22 23:34:16,7.021662128344101
258,2021-12-22 23:34:17,7.017838848009628
259,2021-12-22 23:34:18,7.020509136095566
260,2021-12-22 23:34:19,6.988800418749374
261,2021-12-22 23:34:20,7.002066028490585
262,2021-12-22 23:34:21,6.957176578417343
263,2021-12-22 23:34:22,6.969092739000839
264,2021-12-22 23:34:23,7.010562312975448
265,2021-12-22 23:34:24,7.015563381090683
266,2021-12-22 23:34:25,7.022754085436386
267,2021-12-22 23:34:26,7.02504576481871
268,2021-12-22 23:34:27,6.96815050877623
269,2021-12-22 23:34:28,6.9930852774529875
270,2021-12-22 23:34:29,6.998250377550644
271,2021-12-22 23:34:30,7.009354961290878
272,2021-12-22 23:34:31,7.030003917589706
273,2021-12-22 23:34:32,7.039645564928573
274,2021-12-22 23:34:33,7.169587505236191
275,2021-12-22 23:34:34,7.180245769396347
276,2021-12-22 23:34:35,7.2062906149774015
277,2021-12-22 23:34:36,7.22956122197203
278,2021-12-22 23:34:37,7.265157115831894
279,2021-12-22 23:34:38,7.256924045458359
280,2021-12-22 23:34:39,7.210760486498398
281,2021-12-22 23:34:40,7.059527767077011
282,2021-12-22 23:34:41,7.024887454882187
283,2021-12-22 23:34:42,6.974892986193222
284,2021-12-22 23:34:43,6.962897670641464
285,2021-12-22 23:34:44,7.037651431932968
286,2021-12-22 23:34:45,7.186772716417831
287,2021-12-22 23:34:46,7.307710063829941
288,2021-12-22 23:34:47,7.3473123434930265
289,2021-12-22 23:34:48,7.410558116808456
290,2021-12-22 23:34:49,7.415553462877792
291,2021-12-22 23:34:50,7.489325893297714
292,2021-12-22 23:34:51,7.629130733385605
293,2021-12-22 23:34:52,7.723220241442245
294,2021-12-22 23:34:53,7.909487140551132
295,2021-12-22 23:34:54,8.016240489855331
296,2021-12-22 23:34:55,8.135629070177597
297,2021-12-22 23:34:56,8.150430095568222
298,2021-12-22 23:34:57,8.136382472887558
299,2021-12-22 23:34:58,8.235259426012558
300,2021-12-22 23:34:59,8.255947482958359
301,2021-12-22 23:35:00,8.311728847399277
302,2021-12-22 23:35:01,8.383862865343612
303,2021-12-22 23:35:02,8.412350070848984
304,2021-12-22 23:35:03,8.494181049242538
305,2021-12-22 23:35:04,8.558797252550644
306,2021-12-22 23:35:05,8.633744609728378
307,2021-12-22 23:35:06,9.01295031346373
308,2021-12-22 23:35:07,9.10929812230162
309,2021-12-22 23:35:08,9.183361423388046
310,2021-12-22 23:35:09,9.26526678837828
311,2021-12-22 23:35:10,9.324075115099472
312,2021-12-22 23:35:11,9.395169628038925
313,2021-12-22 23:35:12,9.46480692662291
314,2021-12-22 23:35:13,9.377041232958359
315,2021-12-22 23:35:14,9.412061107531112
316,2021-12-22 23:35:15,9.466591251268905
317,2021-12-22 23:35:16,9.495861423388046
318,2021-12-22 23:35:17,9.575625789537948
319,2021-12-22 23:35:18,9.616929424181503
320,2021-12-22 23:35:19,9.702289951220077
321,2021-12-22 23:35:20,9.76946772374205
322,2021-12-22 23:35:21,9.801587474718612
323,2021-12-22 23:35:22,9.827557933702987
324,2021-12-22 23:35:23,9.876577747240585
325,2021-12-22 23:35:24,9.911025417223495
326,2021-12-22 23:35:25,9.935768497362655
327,2021-12-22 23:35:26,10.079484116505306
328,2021-12-22 23:35:27,10.025941025684993
329,2021-12-22 23:35:28,9.927142513170761
330,2021-12-22 23:35:29,9.927142513170761
331,2021-12-22 23:35:30,9.88736094273619
332,2021-12-22 23:35:31,9.869852196644466
333,2021-12-22 23:35:32,9.85175813383929
334,2021-12-22 23:35:33,9.864891422167343
335,2021-12-22 23:35:34,9.823134792223495
336,2021-12-22 23:35:35,9.759400737658066
337,2021-12-22 23:35:36,9.712885987232845
338,2021-12-22 23:35:37,9.708380829762142
339,2021-12-22 23:35:38,9.763322246447128
340,2021-12-22 23:35:39,9.793521297350448
341,2021-12-22 23:35:40,9.859395397081894
342,2021-12-22 23:35:41,9.88460673131041
343,2021-12-22 23:35:42,9.942216692115537
344,2021-12-22 23:35:43,9.946360718678157
345,2021-12-22 23:35:44,9.93667202963995
346,2021-12-22 23:35:45,9.94470132536761
347,2021-12-22 23:35:46,9.946691332008115
348,2021-12-22 23:35:47,9.971022736500423
349,2021-12-22 23:35:48,9.962563884630722
350,2021-12-22 23:35:49,9.863799225758235
351,2021-12-22 23:35:50,9.869458971168271
352,2021-12-22 23:35:51,9.820721996202987
353,2021-12-22 23:35:52,9.77475107945494
354,2021-12-22 23:35:53,9.745749604176204
355,2021-12-22 23:35:54,9.736375224962753
356,2021-12-22 23:35:55,9.735393343116513
357,2021-12-22 23:35:56,9.709373844042343
358,2021-12-22 23:35:57,9.618073594044368
359,2021-12-22 23:35:58,9.621386346961728
360,2021-12-22 23:35:59,9.63278330601744
361,2021-12-22 23:36:00,9.693714511766952
362,2021-12-22 23:36:01,9.7840551260858
363,2021-12-22 23:36:02,9.82431901640765
364,2021-12-22 23:36:03,9.845597637072128
365,2021-12-22 23:36:04,9.874684464405696
366,2021-12-22 23:36:05,9.85429776854388
367,2021-12-22 23:36:06,9.800153148546737
368,2021-12-22 23:36:07,9.764449250172298
369,2021-12-22 23:36:08,9.803887186195126
370,2021-12-22 23:36:09,9.720875870655696
371,2021-12-22 23:36:10,9.766755876685849
372,2021-12-22 23:36:11,9.688566338490169
373,2021-12-22 23:36:12,9.607703027869931
374,2021-12-22 23:36:13,9.575372112169784
375,2021-12-22 23:36:14,9.575372112169784
376,2021-12-22 23:36:15,9.634555635596982
377,2021-12-22 23:36:16,9.654287468861263
378,2021-12-22 23:36:17,9.66942514128558
379,2021-12-22 23:36:18,9.72556477561163
380,2021-12-22 23:36:19,9.712336910143417
381,2021-12-22 23:36:20,9.7342184163587
382,2021-12-22 23:36:21,9.742611062000911
383,2021-12-22 23:36:22,9.741887223194759
384,2021-12-22 23:36:23,9.780274521778743
385,2021-12-22 23:36:24,9.803466615821591
386,2021-12-22 23:36:25,9.91406804099249
387,2021-12-22 23:36:26,9.913251053761165
388,2021-12-22 23:36:27,9.930082691088241
389,2021-12-22 23:36:28,9.878485810230892
390,2021-12-22 23:36:29,9.799670350025814
391,2021-12-22 23:36:30,9.77907575316302
392,2021-12-22 23:36:31,9.731295716236751
393,2021-12-22 23:36:32,9.67467416472308
394,2021-12-22 23:36:33,9.631766689196152
395,2021-12-22 23:36:34,9.563997399281185
396,2021-12-22 23:36:35,9.560402047108333
397,2021-12-22 23:36:36,9.525136124561946
398,2021-12-22 23:36:37,9.47405160612933
399,2021-12-22 23:36:38,9.48029817290179
400,2021-12-22 23:36:39,9.518033158253353
401,2021-12-22 23:36:40,9.458977518226376
402,2021-12-22 23:36:41,9.427459535743466
403,2021-12-22 23:36:42,9.382233438636533
404,2021-12-22 23:36:43,9.35271435752081
405,2021-12-22 23:36:44,9.328912865589778
406,2021-12-22 23:36:45,9.140521419420761
407,2021-12-22 23:36:46,9.123847377672714
408,2021-12-22 23:36:47,9.1268702859389
409,2021-12-22 23:36:48,9.159610164537948
410,2021-12-22 23:36:49,9.14708691611456
411,2021-12-22 23:36:50,9.203848015736263
412,2021-12-22 23:36:51,9.249196422472519
413,2021-12-22 23:36:52,9.29539598173968
414,2021-12-22 23:36:53,9.289153871680966
415,2021-12-22 23:36:54,9.295021187733333
416,2021-12-22 23:36:55,9.320524034644833
417,2021-12-22 23:36:56,9.282282959889095
418,2021-12-22 23:36:57,9.317739617298763
419,2021-12-22 23:36:58,9.21220506377093
420,2021-12-22 23:36:59,9.304980647936386
421,2021-12-22 23:37:00,9.288982210304013
422,2021-12-22 23:37:01,9.258832347765487
423,2021-12-22 23:37:02,9.214794528856796
424,2021-12-22 23:37:03,9.148285042713802
425,2021-12-22 23:37:04,9.134127986803573
426,2021-12-22 23:37:05,9.173726212452571
427,2021-12-22 23:37:06,9.199399767066708
428,2021-12-22 23:37:07,9.231069934740585
429,2021-12-22 23:37:08,9.17869263663458
430,2021-12-22 23:37:09,9.200562847033066
431,2021-12-22 23:37:10,9.241938721607845
432,2021-12-22 23:37:11,9.334008347462337
433,2021-12-22 23:37:12,9.42469514555804
434,2021-12-22 23:37:13,9.513797176256698
435,2021-12-22 23:37:14,9.55765188969664
436,2021-12-22 23:37:15,9.628253353014511
437,2021-12-22 23:37:16,9.62196363158099
438,2021-12-22 23:37:17,9.632907283678573
439,2021-12-22 23:37:18,9.522738826647323
440,2021-12-22 23:37:19,9.508800325538388
441,2021-12-22 23:37:20,9.445313584278743
442,2021-12-22 23:37:21,9.426920067738216
443,2021-12-22 23:37:22,9.40577424712054
444,2021-12-22 23:37:23,9.370124233141464
445,2021-12-22 23:37:24,9.343791377916855
446,2021-12-22 23:37:25,9.281354320421737
447,2021-12-22 23:37:26,9.284867656603378
448,2021-12-22 23:37:27,9.256687294911067
449,2021-12-22 23:37:28,9.217794548939388
450,2021-12-22 23:37:29,9.1886280156629
451,2021-12-22 23:37:30,9.240870845690292
452,2021-12-22 23:37:31,9.166205536793392
453,2021-12-22 23:37:32,9.253983867540878
454,2021-12-22 23:37:33,9.26151980198912
455,2021-12-22 23:37:34,9.218295227955501
456,2021-12-22 23:37:35,9.227246654406112
457,2021-12-22 23:37:36,9.220819603871028
458,2021-12-22 23:37:37,9.208313118885677
459,2021-12-22 23:37:38,9.100199830006282
460,2021-12-22 23:37:39,9.106893358375302
461,2021-12-22 23:37:40,9.051473748158138
462,2021-12-22 23:37:41,9.051473748158138
463,2021-12-22 23:37:42,9.006250200416318
464,2021-12-22 23:37:43,8.985875499620956
465,2021-12-22 23:37:44,9.062974748756162
466,2021-12-22 23:37:45,9.047705780934017
467,2021-12-22 23:37:46,9.063128601978939
468,2021-12-22 23:37:47,9.043240917101425
469,2021-12-22 23:37:48,9.053407488013974
470,2021-12-22 23:37:49,9.052421700428646
471,2021-12-22 23:37:50,9.079707515612167
472,2021-12-22 23:37:51,8.87578500456683
473,2021-12-22 23:37:52,8.938573656226865
474,2021-12-22 23:37:53,8.935156952809017
475,2021-12-22 23:37:54,8.963200699757259
476,2021-12-22 23:37:55,8.900990616749446
477,2021-12-22 23:37:56,8.953881394337337
478,2021-12-22 23:37:57,8.99888552464537
479,2021-12-22 23:37:58,9.164080989733261
480,2021-12-22 23:37:59,9.153806817005794
481,2021-12-22 23:38:00,9.159312378834407
482,2021-12-22 23:38:01,9.223185909166855
483,2021-12-22 23:38:02,9.253313837196103
484,2021-12-22 23:38:03,9.245949161425155
485,2021-12-22 23:38:04,9.264474285021347
486,2021-12-22 23:38:05,9.316100893165341
487,2021-12-22 23:38:06,9.29002488798968
488,2021-12-22 23:38:07,9.267915544654599
489,2021-12-22 23:38:08,9.255929363146347
490,2021-12-22 23:38:09,9.279876125231308
491,2021-12-22 23:38:10,9.272876155748886
492,2021-12-22 23:38:11,9.18374003209166
493,2021-12-22 23:38:12,9.155837189625423
494,2021-12-22 23:38:13,9.157166611622493
495,2021-12-22 23:38:14,9.174665581654232
496,2021-12-22 23:38:15,9.219741237535995
497,2021-12-22 23:38:16,9.176104915514511
498,2021-12-22 23:38:17,9.01992930211119
499,2021-12-22 23:38:18,8.961817560340634
500,2021-12-22 23:38:19,8.977821169044248
501,2021-12-22 23:38:20,8.99592317290179
502,2021-12-22 23:38:21,9.004571091602962
503,2021-12-22 23:38:22,8.959508072804134
504,2021-12-22 23:38:23,9.20706762022845
505,2021-12-22 23:38:24,9.20706762022845
506,2021-12-22 23:38:25,9.197310578297298
507,2021-12-22 23:38:26,9.229056728258652
508,2021-12-22 23:38:27,9.230492722462337
509,2021-12-22 23:38:28,9.254804741810482
510,2021-12-22 23:38:29,9.205118309925716
511,2021-12-22 23:38:30,9.222471607103866
512,2021-12-22 23:38:31,9.100964916124862
513,2021-12-22 23:38:32,9.082995545338314
514,2021-12-22 23:38:33,9.046014202013534
515,2021-12-22 23:38:34,9.035617005299251
516,2021-12-22 23:38:35,8.991335999439876
517,2021-12-22 23:38:36,9.010423076525253
518,2021-12-22 23:38:37,8.941838634386581
519,2021-12-22 23:38:38,8.943987665321103
520,2021-12-22 23:38:39,8.957465302418392
521,2021-12-22 23:38:40,8.92392839140765
522,2021-12-22 23:38:41,8.961385545875302
523,2021-12-22 23:38:42,8.97663153447203
524,2021-12-22 23:38:43,8.964278993751279
525,2021-12-22 23:38:44,8.821311366930527
526,2021-12-22 23:38:45,8.80085314549498
527,2021-12-22 23:38:46,8.77329958714537
528,2021-12-22 23:38:47,8.780784023180527
529,2021-12-22 23:38:48,8.818128955736679
530,2021-12-22 23:38:49,8.80428327269427
531,2021-12-22 23:38:50,8.754483353565853
532,2021-12-22 23:38:51,8.788304459522884
533,2021-12-22 23:38:52,8.782658946886581
534,2021-12-22 23:38:53,8.823282372425716
535,2021-12-22 23:38:54,8.828349483385605
536,2021-12-22 23:38:55,8.836359154652278
537,2021-12-22 23:38:56,8.852197777699153
538,2021-12-22 23:38:57,8.982884537647884
539,2021-12-22 23:38:58,9.01769174284808
540,2021-12-22 23:38:59,9.074710022877376
541,2021-12-22 23:39:00,9.102386293555966
542,2021-12-22 23:39:01,9.102446686695735
543,2021-12-22 23:39:02,9.117978868629208
544,2021-12-22 23:39:03,9.128051888416927
545,2021-12-22 23:39:04,9.176469933460872
546,2021-12-22 23:39:05,9.128241669605892
547,2021-12-22 23:39:06,9.096629273365657
548,2021-12-22 23:39:07,9.068698059986751
549,2021-12-22 23:39:08,8.995608460377376
550,2021-12-22 23:39:09,8.951213967274349
551,2021-12-22 23:39:10,8.972170246019882
552,2021-12-22 23:39:11,8.919883546973935
553,2021-12-22 23:39:12,8.954757821034114
554,2021-12-22 23:39:13,8.961738405372373
555,2021-12-22 23:39:14,9.029074799488704
556,2021-12-22 23:39:15,9.058337342213314
557,2021-12-22 23:39:16,9.116864335011165
558,2021-12-22 23:39:17,9.202885997667831
559,2021-12-22 23:39:18,9.27858334555792
560,2021-12-22 23:39:19,9.277471912279648
561,2021-12-22 23:39:20,9.290096413563411
562,2021-12-22 23:39:21,9.300595414112728
563,2021-12-22 23:39:22,9.34496535100035
564,2021-12-22 23:39:23,9.047754657640976
565,2021-12-22 23:39:24,9.088876140490097
566,2021-12-22 23:39:25,9.090349567308945
567,2021-12-22 23:39:26,9.081224260474912
568,2021-12-22 23:39:27,9.147079837694687
569,2021-12-22 23:39:28,9.12276757902972
570,2021-12-22 23:39:29,9.163692293311826
571,2021-12-22 23:39:30,9.159770381823105
572,2021-12-22 23:39:31,9.183974635973495
573,2021-12-22 23:39:32,9.1451169366347
574,2021-12-22 23:39:33,9.121839653919857
575,2021-12-22 23:39:34,9.140268144752255
576,2021-12-22 23:39:35,9.147662532702011
577,2021-12-22 23:39:36,9.174493608619443
578,2021-12-22 23:39:37,9.073342142249814
579,2021-12-22 23:39:38,9.020613800953548
580,2021-12-22 23:39:39,9.010544595863095
581,2021-12-22 23:39:40,8.825822649146787
582,2021-12-22 23:39:41,8.647961986437362
583,2021-12-22 23:39:42,8.515324962511581
584,2021-12-22 23:39:43,8.526132402564755
585,2021-12-22 23:39:44,8.543535602465195
586,2021-12-22 23:39:45,8.538157593678157
587,2021-12-22 23:39:46,8.53004015721373
588,2021-12-22 23:39:47,8.52365244664244
589,2021-12-22 23:39:48,8.495444428394954
590,2021-12-22 23:39:49,8.480165851488632
591,2021-12-22 23:39:50,8.351444614306015
592,2021-12-22 23:39:51,8.372502696886581
593,2021-12-22 23:39:52,8.372210633228939
594,2021-12-22 23:39:53,8.401853692005794
595,2021-12-22 23:39:54,8.405636918018978
596,2021-12-22 23:39:55,8.384600769947689
597,2021-12-22 23:39:56,8.481829773853939
598,2021-12-22 23:39:57,8.515912186573665
599,2021-12-22 23:39:58,8.533652675524277
600,2021-12-22 23:39:59,8.532706630602402
601,2021-12-22 23:40:00,8.536017787828964
602,2021-12-22 23:40:01,8.526831757496517
603,2021-12-22 23:40:02,8.516513001393001
604,2021-12-22 23:40:03,8.639727723072689
605,2021-12-22 23:40:04,8.63275064177386
606,2021-12-22 23:40:05,8.605591904591243
607,2021-12-22 23:40:06,8.593616855516952
608,2021-12-22 23:40:07,8.660695206593196
609,2021-12-22 23:40:08,8.698210846851985
610,2021-12-22 23:40:09,8.705563675831478
611,2021-12-22 23:40:10,8.49806989378802
612,2021-12-22 23:40:11,8.49736703581683
613,2021-12-22 23:40:12,8.503577362965267
614,2021-12-22 23:40:13,8.52199853606097
615,2021-12-22 23:40:14,8.561901462450546
616,2021-12-22 23:40:15,8.594430100392024
617,2021-12-22 23:40:16,8.707322490587753
618,2021-12-22 23:40:17,8.712525498341243
619,2021-12-22 23:40:18,8.66857064909808
620,2021-12-22 23:40:19,8.702141892384212
621,2021-12-22 23:40:20,8.754821907948177
622,2021-12-22 23:40:21,8.737538707628769
623,2021-12-22 23:40:22,8.760811936329524
624,2021-12-22 23:40:23,9.036479768897763
625,2021-12-22 23:40:24,9.032513988390487
626,2021-12-22 23:40:25,9.005337845753353
627,2021-12-22 23:40:26,8.916130196522396
628,2021-12-22 23:40:27,8.917317760363144
629,2021-12-22 23:40:28,8.88352311797015
630,2021-12-22 23:40:29,8.818448436632675
631,2021-12-22 23:40:30,8.818448436632675
632,2021-12-22 23:40:31,8.77567995823912
633,2021-12-22 23:40:32,8.796165285255185
634,2021-12-22 23:40:33,8.815931139137021
635,2021-12-22 23:40:34,8.8310939187514
636,2021-12-22 23:40:35,8.919095811988583
637,2021-12-22 23:40:36,8.599830446387998
638,2021-12-22 23:40:37,8.579459560289902
639,2021-12-22 23:40:38,8.593429696034114
640,2021-12-22 23:40:39,8.624884424354306
641,2021-12-22 23:40:40,8.645288837328476
642,2021-12-22 23:40:41,8.652530086412948
643,2021-12-22 23:40:42,8.587373864124935
644,2021-12-22 23:40:43,8.978213680162948
645,2021-12-22 23:40:44,8.975539577379745
646,2021-12-22 23:40:45,8.962233674000423
647,2021-12-22 23:40:46,8.9611471272962
648,2021-12-22 23:40:47,8.961217296495956
649,2021-12-22 23:40:48,8.938038956593196
650,2021-12-22 23:40:49,8.977328431080501
651,2021-12-22 23:40:50,8.954840790699642
652,2021-12-22 23:40:51,8.940045487354915
653,2021-12-22 23:40:52,8.962005434180966
654,2021-12-22 23:40:53,8.956412685289902
655,2021-12-22 23:40:54,8.952777039478939
656,2021-12-22 23:40:55,8.929315385963193
657,2021-12-22 23:40:56,9.066201579943222
658,2021-12-22 23:40:57,8.99664224333636
659,2021-12-22 23:40:58,9.038610277320615
660,2021-12-22 23:40:59,9.052920472096126
661,2021-12-22 23:41:00,9.047726761768978
662,2021-12-22 23:41:01,9.050952327623886
663,2021-12-22 23:41:02,9.077199754859677
664,2021-12-22 23:41:03,9.107551705311458
665,2021-12-22 23:41:04,9.164958772804013
666,2021-12-22 23:41:05,9.228782472755185
667,2021-12-22 23:41:06,9.232563149403255
668,2021-12-22 23:41:07,9.242988405372373
669,2021-12-22 23:41:08,9.290184793617001
670,2021-12-22 23:41:09,9.302950989674251
671,2021-12-22 23:41:10,9.337556657935849
672,2021-12-22 23:41:11,9.36014729514288
673,2021-12-22 23:41:12,9.355783281471005
674,2021-12-22 23:41:13,9.355783281471005
675,2021-12-22 23:41:14,9.304458437110654
676,2021-12-22 23:41:15,9.23545945830218
677,2021-12-22 23:41:16,9.221673142384212
678,2021-12-22 23:41:17,9.225834977101009
679,2021-12-22 23:41:18,9.181445252369564
680,2021-12-22 23:41:19,9.223745715990585
681,2021-12-22 23:41:20,9.245406281422298
682,2021-12-22 23:41:21,9.245869455482236
683,2021-12-22 23:41:22,9.516680133715195
684,2021-12-22 23:41:23,9.529517304371517
685,2021-12-22 23:41:24,9.535625588368099
686,2021-12-22 23:41:25,9.596761119738144
687,2021-12-22 23:41:26,9.586257753516904
688,2021-12-22 23:41:27,9.583033931627792
689,2021-12-22 23:41:28,9.518140209093612
690,2021-12-22 23:41:29,9.339362275074642
691,2021-12-22 23:41:30,9.289686975623837
692,2021-12-22 23:41:31,9.11113656706683
693,2021-12-22 23:41:32,8.88538850493304
694,2021-12-22 23:41:33,8.703261506031673
695,2021-12-22 23:41:34,8.637558114002864
696,2021-12-22 23:41:35,8.992318523302597
697,2021-12-22 23:41:36,9.040662584449521
698,2021-12-22 23:41:37,8.988610398243587
699,2021-12-22 23:41:38,8.998366486500423
700,2021-12-22 23:41:39,9.031623970936458
701,2021-12-22 23:41:40,9.099442851915878
702,2021-12-22 23:41:41,9.062654865160507
703,2021-12-22 23:41:42,9.130924594774765
704,2021-12-22 23:41:43,10.992162120714706
705,2021-12-22 23:41:44,10.966338288258235
706,2021-12-22 23:41:45,10.98769511021666
707,2021-12-22 23:41:46,10.894765984486263
708,2021-12-22 23:41:47,10.902183351661435
709,2021-12-22 23:41:48,10.884668169166318
710,2021-12-22 23:41:49,10.929501664112728
711,2021-12-22 23:41:50,10.944995699073544
712,2021-12-22 23:41:51,10.915077028419248
713,2021-12-22 23:41:52,10.916525971363704
714,2021-12-22 23:41:53,10.919346939991634
715,2021-12-22 23:41:54,10.901446473072689
716,2021-12-22 23:41:55,10.964199838783017
717,2021-12-22 23:41:56,11.01807194724249
718,2021-12-22 23:41:57,10.985714731361142
719,2021-12-22 23:41:58,11.023067604969661
720,2021-12-22 23:41:59,11.049529206226985
721,2021-12-22 23:42:00,11.118319642018001
722,2021-12-22 23:42:01,11.127471100758235
723,2021-12-22 23:42:02,11.196628701161067
724,2021-12-22 23:42:03,11.218154726173154
725,2021-12-22 23:42:04,11.26758612431578
726,2021-12-22 23:42:05,11.259109316016904
727,2021-12-22 23:42:06,11.283988368883652
728,2021-12-22 23:42:07,11.273703705738704
729,2021-12-22 23:42:08,11.53965104765765
730,2021-12-22 23:42:09,11.493289124439876
731,2021-12-22 23:42:10,11.478696000050228
732,2021-12-22 23:42:11,11.47998250670306
733,2021-12-22 23:42:12,11.505883347462337
734,2021-12-22 23:42:13,11.487727535143417
735,2021-12-22 23:42:14,11.460154663990657
736,2021-12-22 23:42:15,11.567080628346126
737,2021-12-22 23:42:16,11.575249802540462
738,2021-12-22 23:42:17,11.549011361073177
739,2021-12-22 23:42:18,11.588974368944687
740,2021-12-22 23:42:19,11.520827663317245
741,2021-12-22 23:42:20,11.482438860084287
742,2021-12-22 23:42:21,11.506610286608261
743,2021-12-22 23:42:22,11.325705658863704
744,2021-12-22 23:42:23,11.318946254625839
745,2021-12-22 23:42:24,11.313397538136165
746,2021-12-22 23:42:25,11.362087380360286
747,2021-12-22 23:42:26,11.40129030980162
748,2021-12-22 23:42:27,11.374654588844052
749,2021-12-22 23:42:28,11.825862300768417
750,2021-12-22 23:42:29,11.888981949757259
751,2021-12-22 23:42:30,11.840803276966732
752,2021-12-22 23:42:31,11.873551499317806
753,2021-12-22 23:42:32,11.859944474171321
754,2021-12-22 23:42:33,11.934930217638534
755,2021-12-22 23:42:34,11.889518154039902
756,2021-12-22 23:42:35,11.647106301258724
757,2021-12-22 23:42:36,11.647106301258724
758,2021-12-22 23:42:37,11.646557224169296
759,2021-12-22 23:42:38,11.666255367174667
760,2021-12-22 23:42:39,11.618171822498958
761,2021-12-22 23:42:40,11.499699723194759
762,2021-12-22 23:42:41,11.568286072682064
763,2021-12-22 23:42:42,11.530099045704524
764,2021-12-22 23:42:43,11.522759568165462
765,2021-12-22 23:42:44,11.480289278175107
766,2021-12-22 23:42:45,11.530116451159042
767,2021-12-22 23:42:46,11.57123356833624
768,2021-12-22 23:42:47,11.605151546373886
769,2021-12-22 23:42:48,11.524857890978378
770,2021-12-22 23:42:49,11.496739518116634
771,2021-12-22 23:42:50,11.524484050646347
772,2021-12-22 23:42:51,11.554910076036972
773,2021-12-22 23:42:52,11.574642551317734
774,2021-12-22 23:42:53,11.637160120155087
775,2021-12-22 23:42:54,11.6656247491347
776,2021-12-22 23:42:55,11.7068263406264
777,2021-12-22 23:42:56,11.717585694264095
778,2021-12-22 23:42:57,11.706193100880306
779,2021-12-22 23:42:58,11.664693963001888
780,2021-12-22 23:42:59,11.65583361424498
781,2021-12-22 23:43:00,11.637024698402158
782,2021-12-22 23:43:01,11.835455310717148
783,2021-12-22 23:43:02,11.84014810271136
784,2021-12-22 23:43:03,11.812524926136653
785,2021-12-22 23:43:04,11.87960351652972
786,2021-12-22 23:43:05,11.94513143248431
787,2021-12-22 23:43:06,11.987970482777278
788,2021-12-22 23:43:07,11.882102143238704
789,2021-12-22 23:43:08,11.655110489796321
790,2021-12-22 23:43:09,11.444631707142513
791,2021-12-22 23:43:10,11.366556298206966
792,2021-12-22 23:43:11,11.359755646656673
793,2021-12-22 23:43:12,11.290467392872493
794,2021-12-22 23:43:13,11.168379914234798
795,2021-12-22 23:43:14,11.27230371184222
796,2021-12-22 23:43:15,11.418815743397396
797,2021-12-22 23:43:16,11.573820970158017
798,2021-12-22 23:43:17,11.743318460087217
799,2021-12-22 23:43:18,11.869385621647275
800,2021-12-22 23:43:19,11.869385621647275
801,2021-12-22 23:43:20,11.946189782719053
802,2021-12-22 23:43:21,11.984439026783626
803,2021-12-22 23:43:22,12.045672547291439
804,2021-12-22 23:43:23,12.088299881886165
805,2021-12-22 23:43:24,12.10981477446429
806,2021-12-22 23:43:25,12.141093066556106
807,2021-12-22 23:43:26,12.139329722745071
808,2021-12-22 23:43:27,12.14652424178804
809,2021-12-22 23:43:28,12.122430981404928
810,2021-12-22 23:43:29,12.104644587857376
811,2021-12-22 23:43:30,12.113958171231399
812,2021-12-22 23:43:31,12.088372996670852
813,2021-12-22 23:43:32,12.039964488370071
814,2021-12-22 23:43:33,12.047929576260696
815,2021-12-22 23:43:34,12.090356639248977
816,2021-12-22 23:43:35,12.120616725308548
817,2021-12-22 23:43:36,12.10457973800386
818,2021-12-22 23:43:37,12.126487544400344
819,2021-12-22 23:43:38,12.106976321560989
820,2021-12-22 23:43:39,12.083520701748977
821,2021-12-22 23:43:40,12.089778712613235
822,2021-12-22 23:43:41,11.821713260037551
823,2021-12-22 23:43:42,11.776243975979934
824,2021-12-22 23:43:43,11.803986361844192
825,2021-12-22 23:43:44,11.800248912198196
826,2021-12-22 23:43:45,11.79024868331636
827,2021-12-22 23:43:46,11.806746295315872
828,2021-12-22 23:43:47,12.122681430203567
829,2021-12-22 23:43:48,12.136617472989212
830,2021-12-22 23:43:49,12.163741877896438
831,2021-12-22 23:43:50,12.124347499234329
832,2021-12-22 23:43:51,12.144104770047317
833,2021-12-22 23:43:52,12.122953227383743
834,2021-12-22 23:43:53,16.02494983993257
835,2021-12-22 23:43:54,15.917052081448684
836,2021-12-22 23:43:55,15.710436476518357
837,2021-12-22 23:43:56,15.728464258958542
838,2021-12-22 23:43:57,15.73849309806987
839,2021-12-22 23:43:58,15.759860171128953
840,2021-12-22 23:43:59,15.76022685890361
841,2021-12-22 23:44:00,15.773749483873093
842,2021-12-22 23:44:01,15.78792394523784
843,2021-12-22 23:44:02,15.8111063373582
844,2021-12-22 23:44:03,15.828594816972458
845,2021-12-22 23:44:04,15.84101642494365
846,2021-12-22 23:44:05,15.856871737291062
847,2021-12-22 23:44:06,15.870834482957566
848,2021-12-22 23:44:07,15.736817492295945
849,2021-12-22 23:44:08,15.747797621537888
850,2021-12-22 23:44:09,15.736172331620896
851,2021-12-22 23:44:10,15.74367584114238
852,2021-12-22 23:44:11,15.706466807176316
853,2021-12-22 23:44:12,15.720808638383591
854,2021-12-22 23:44:13,15.693919791032517
855,2021-12-22 23:44:14,15.464496268083298
856,2021-12-22 23:44:15,15.462695730973923
857,2021-12-22 23:44:16,15.426656378556931
858,2021-12-22 23:44:17,15.43098224525615
859,2021-12-22 23:44:18,15.427842272569382
860,2021-12-22 23:44:19,15.429823054124558
861,2021-12-22 23:44:20,15.413149012376511
862,2021-12-22 23:44:21,15.42762472553466
863,2021-12-22 23:44:22,15.40094770317241
864,2021-12-22 23:44:23,15.405701292802537
865,2021-12-22 23:44:24,15.395780218888962
866,2021-12-22 23:44:25,15.39087690239116
867,2021-12-22 23:44:26,15.367480410386765
868,2021-12-22 23:44:27,15.390171183397019
869,2021-12-22 23:44:28,15.368497504045212
870,2021-12-22 23:44:29,15.353978289415085
871,2021-12-22 23:44:30,15.354386938859665
872,2021-12-22 23:44:31,15.35988439445659
873,2021-12-22 23:44:32,15.379222048570359
874,2021-12-22 23:44:33,15.417141569902146
875,2021-12-22 23:44:34,15.320907248307908
876,2021-12-22 23:44:35,15.319279326249802
877,2021-12-22 23:44:36,15.314947260667527
878,2021-12-22 23:44:37,15.343960417558396
879,2021-12-22 23:44:38,15.329150809098923
880,2021-12-22 23:44:39,15.352632654954636
881,2021-12-22 23:44:40,15.48367656593486
882,2021-12-22 23:44:41,15.52807868843242
883,2021-12-22 23:44:42,15.524526728440964
884,2021-12-22 23:44:43,15.544233454515183
885,2021-12-22 23:44:44,15.572351588060105
886,2021-12-22 23:44:45,15.547021998216355
887,2021-12-22 23:44:46,15.468961371232712
888,2021-12-22 23:44:47,15.448301924516404
889,2021-12-22 23:44:48,15.448301924516404
890,2021-12-22 23:44:49,15.429901732255662
891,2021-12-22 23:44:50,15.42082895164653
892,2021-12-22 23:44:51,15.384666098405564
893,2021-12-22 23:44:52,15.37202752952739
894,2021-12-22 23:44:53,15.253708018113816
895,2021-12-22 23:44:54,15.238145006944382
896,2021-12-22 23:44:55,15.1136604679124
897,2021-12-22 23:44:56,14.90566600685283
898,2021-12-22 23:44:57,14.741866244127
899,2021-12-22 23:44:58,14.677551401902878
900,2021-12-22 23:44:59,14.711170328904831
901,2021-12-22 23:45:00,14.79459537391826
902,2021-12-22 23:45:01,14.844884051133835
903,2021-12-22 23:45:02,14.854524516541918
904,2021-12-22 23:45:03,14.902425193269213
905,2021-12-22 23:45:04,14.958176993806322
906,2021-12-22 23:45:05,14.970777892548998
907,2021-12-22 23:45:06,14.986411952455004
908,2021-12-22 23:45:07,15.044411454065301
909,2021-12-22 23:45:08,15.079420470673998
910,2021-12-22 23:45:09,15.07001008935686
911,2021-12-22 23:45:10,15.068153285462817
912,2021-12-22 23:45:11,15.039803885896166
913,2021-12-22 23:45:12,15.036601198960984
914,2021-12-22 23:45:13,15.078669203569138
915,2021-12-22 23:45:14,15.04093564872905
916,2021-12-22 23:45:15,15.050912512590134
917,2021-12-22 23:45:16,15.043850077439988
918,2021-12-22 23:45:17,17.446294916917527
919,2021-12-22 23:45:18,14.99800409202739
920,2021-12-22 23:45:19,14.995701922227585
921,2021-12-22 23:45:20,14.96114696388408
922,2021-12-22 23:45:21,14.963656557847703
923,2021-12-22 23:45:22,14.97947874017473
924,2021-12-22 23:45:23,14.99538793512102
925,2021-12-22 23:45:24,14.996927642304858
926,2021-12-22 23:45:25,15.007081412751635
927,2021-12-22 23:45:26,15.014912509400805
928,2021-12-22 23:45:27,15.031971358735522
929,2021-12-22 23:45:28,15.031969928224047
930,2021-12-22 23:45:29,15.036584281403979
931,2021-12-22 23:45:30,15.042527579743822
932,2021-12-22 23:45:31,15.046035193879565
933,2021-12-22 23:45:32,15.075279139955004
934,2021-12-22 23:45:33,15.048636817414721
935,2021-12-22 23:45:34,15.076454066712817
936,2021-12-22 23:45:35,15.057565116364916
937,2021-12-22 23:45:36,15.068046950776537
938,2021-12-22 23:45:37,15.058051967103442
939,2021-12-22 23:45:38,15.051834487397631
940,2021-12-22 23:45:39,15.058253192384203
941,2021-12-22 23:45:40,15.032977961976489
942,2021-12-22 23:45:41,15.064746174676873
943,2021-12-22 23:45:42,15.076944732148608
944,2021-12-22 23:45:43,15.067986869294604
945,2021-12-22 23:45:44,15.094067000825365
946,2021-12-22 23:45:45,15.077047252137621
947,2021-12-22 23:45:46,15.071463965852221
948,2021-12-22 23:45:47,15.069221400697192
949,2021-12-22 23:45:48,15.093119892938592
950,2021-12-22 23:45:49,15.110143565614184
951,2021-12-22 23:45:50,15.08815088220354
952,2021-12-22 23:45:51,15.071782969911059
953,2021-12-22 23:45:52,15.07308044381853
954,2021-12-22 23:45:53,14.94882335611101
955,2021-12-22 23:45:54,14.786115073640307
956,2021-12-22 23:45:55,14.788585566956957
957,2021-12-22 23:45:56,14.786885165650805
958,2021-12-22 23:45:57,14.776645087678393
959,2021-12-22 23:45:58,14.805933856446703
960,2021-12-22 23:45:59,14.816359424073656
961,2021-12-22 23:46:00,14.850492381532153
962,2021-12-22 23:46:01,14.869740867097338
963,2021-12-22 23:46:02,14.883984469850024
964,2021-12-22 23:46:03,14.894426249940356
965,2021-12-22 23:46:04,14.857109927613696
966,2021-12-22 23:46:05,14.877501868684252
967,2021-12-22 23:46:06,14.837965392548998
968,2021-12-22 23:46:07,14.86257543512102
969,2021-12-22 23:46:08,14.865631484467944
970,2021-12-22 23:46:09,14.883702182252367
971,2021-12-22 23:46:10,14.887059592683276
972,2021-12-22 23:46:11,14.822978152085984
973,2021-12-22 23:46:12,14.82239545707866
974,2021-12-22 23:46:13,14.825880659867966
975,2021-12-22 23:46:14,14.731679571916306
976,2021-12-22 23:46:15,14.764157904435837
977,2021-12-22 23:46:16,14.781363391358813
978,2021-12-22 23:46:17,14.82214107461687
979,2021-12-22 23:46:18,14.806739711244067
980,2021-12-22 23:46:19,14.894411467988451
981,2021-12-22 23:46:20,14.896352195222338
982,2021-12-22 23:46:21,14.916884326417406
983,2021-12-22 23:46:22,14.924036883790453
984,2021-12-22 23:46:23,14.92057456918474
985,2021-12-22 23:46:24,14.89027728982683
986,2021-12-22 23:46:25,14.887717627961596
987,2021-12-22 23:46:26,14.811927699525317
988,2021-12-22 23:46:27,14.783665561158617
989,2021-12-22 23:46:28,14.779739760835131
990,2021-12-22 23:46:29,14.775078677613696
991,2021-12-22 23:46:30,14.776161574799975
992,2021-12-22 23:46:31,14.777860545594653
993,2021-12-22 23:46:32,14.87434472985979
994,2021-12-22 23:46:33,14.883824252564867
995,2021-12-22 23:46:34,14.915346049745043
996,2021-12-22 23:46:35,14.918986224610766
997,2021-12-22 23:46:36,14.948671245057543
998,2021-12-22 23:46:37,14.953902148683031
999,2021-12-22 23:46:38,14.950977229554614
1000,2021-12-22 23:46:39,14.94526185937639
1001,2021-12-22 23:46:40,14.96443500467058
1002,2021-12-22 23:46:41,14.930942439515551
1003,2021-12-22 23:46:42,14.95301904626604
1004,2021-12-22 23:46:43,14.91310443826433
1005,2021-12-22 23:46:44,14.910607718903979
1006,2021-12-22 23:46:45,14.892749213654955
1007,2021-12-22 23:46:46,14.888451003510912
1008,2021-12-22 23:46:47,14.914058112580737
1009,2021-12-22 23:46:48,14.888147735078295
1010,2021-12-22 23:46:49,14.910110854585131
1011,2021-12-22 23:46:50,14.91919221826311
1012,2021-12-22 23:46:51,14.91169538446184
1013,2021-12-22 23:46:52,14.926286601502856
1014,2021-12-22 23:46:53,14.930322551209887
1015,2021-12-22 23:46:54,14.956644916017016
1016,2021-12-22 23:46:55,14.942883395631274
1017,2021-12-22 23:46:56,14.934540652711352
1018,2021-12-22 23:46:57,14.934540652711352
1019,2021-12-22 23:46:58,14.894447707612475
1020,2021-12-22 23:46:59,14.869292163331469
1021,2021-12-22 23:47:00,14.898122214753588
1022,2021-12-22 23:47:01,14.869006537873705
1023,2021-12-22 23:47:02,14.887128257234057
1024,2021-12-22 23:47:03,14.87812890954729
1025,2021-12-22 23:47:04,14.883305453736742
1026,2021-12-22 23:47:05,14.892215632874926
1027,2021-12-22 23:47:06,14.877245807130297
1028,2021-12-22 23:47:07,14.870034598786791
1029,2021-12-22 23:47:08,14.85925283380266
1030,2021-12-22 23:47:09,14.876728915650805
1031,2021-12-22 23:47:10,14.863324069459399
1032,2021-12-22 23:47:11,14.880097293336352
1033,2021-12-22 23:47:12,14.750903033692797
1034,2021-12-22 23:47:13,14.753318213899096
1035,2021-12-22 23:47:14,14.77274742074724
1036,2021-12-22 23:47:15,14.742623233277758
1037,2021-12-22 23:47:16,14.712109946687182
1038,2021-12-22 23:47:17,14.701346778352221
1039,2021-12-22 23:47:18,14.646562480409106
1040,2021-12-22 23:47:19,14.559090518434008
1041,2021-12-22 23:47:20,14.53796663232561
1042,2021-12-22 23:47:21,14.480979823548754
1043,2021-12-22 23:47:22,14.482220553834399
1044,2021-12-22 23:47:23,14.45283594079729
1045,2021-12-22 23:47:24,14.469990634400805
1046,2021-12-22 23:47:25,14.442335986573656
1047,2021-12-22 23:47:26,14.260929011781176
1048,2021-12-22 23:47:27,14.262232684571703
1049,2021-12-22 23:47:28,14.267389201600512
1050,2021-12-22 23:47:29,14.275665187318285
1051,2021-12-22 23:47:30,14.311373614747485
1052,2021-12-22 23:47:31,14.294018649537524
1053,2021-12-22 23:47:32,14.219732188661059
1054,2021-12-22 23:47:33,14.267315768678149
1055,2021-12-22 23:47:34,14.259922885377367
1056,2021-12-22 23:47:35,14.256518268067797
1057,2021-12-22 23:47:36,14.256802463014086
1058,2021-12-22 23:47:37,14.26680078454729
1059,2021-12-22 23:47:38,14.08996572442766
1060,2021-12-22 23:47:39,14.081711673219164
1061,2021-12-22 23:47:40,14.081711673219164
1062,2021-12-22 23:47:41,14.100600146729906
1063,2021-12-22 23:47:42,14.075257205445727
1064,2021-12-22 23:47:43,14.104405307252367
1065,2021-12-22 23:47:44,14.133334063966235
1066,2021-12-22 23:47:45,14.250849627931078
1067,2021-12-22 23:47:46,14.302250766236742
1068,2021-12-22 23:47:47,14.300881289918383
1069,2021-12-22 23:47:48,14.281560801942309
1070,2021-12-22 23:47:49,14.252042674500903
1071,2021-12-22 23:47:50,14.247725390870531
1072,2021-12-22 23:47:51,14.240631961305102
1073,2021-12-22 23:47:52,14.196181201417406
1074,2021-12-22 23:47:53,14.177857303101977
1075,2021-12-22 23:47:54,14.188826465089281
1076,2021-12-22 23:47:55,14.175169848878344
1077,2021-12-22 23:47:56,14.159787082154711
1078,2021-12-22 23:47:57,14.186996364076098
1079,2021-12-22 23:47:58,14.067522906739672
1080,2021-12-22 23:47:59,14.047614001710375
1081,2021-12-22 23:48:00,14.087541484315356
1082,2021-12-22 23:48:01,14.067707919557055
1083,2021-12-22 23:48:02,14.070034884889086
1084,2021-12-22 23:48:03,14.062275790650805
1085,2021-12-22 23:48:04,14.083043002564867
1086,2021-12-22 23:48:05,14.34400453515764
1087,2021-12-22 23:48:06,14.318150424439867
1088,2021-12-22 23:48:07,14.350614451844653
1089,2021-12-22 23:48:08,14.343193911988696
1090,2021-12-22 23:48:09,14.314724826295336
1091,2021-12-22 23:48:10,14.268248462159594
1092,2021-12-22 23:48:11,14.240489863831957
1093,2021-12-22 23:48:12,14.202975177247485
1094,2021-12-22 23:48:13,14.153361224610766
1095,2021-12-22 23:48:14,14.19507875390764
1096,2021-12-22 23:48:15,14.170985125977953
1097,2021-12-22 23:48:16,14.153446101624926
1098,2021-12-22 23:48:17,14.142609500367602
1099,2021-12-22 23:48:18,14.146176242310961
1100,2021-12-22 23:48:19,14.050019168336352
1101,2021-12-22 23:48:20,14.09965982385393
1102,2021-12-22 23:48:21,14.09965982385393
1103,2021-12-22 23:48:22,14.118793391663989
1104,2021-12-22 23:48:23,14.139891528565844
1105,2021-12-22 23:48:24,14.066953563172778
1106,2021-12-22 23:48:25,14.067303561646899
1107,2021-12-22 23:48:26,14.072787188966235
1108,2021-12-22 23:48:27,14.092903994996508
1109,2021-12-22 23:48:28,14.107467555482348
1110,2021-12-22 23:48:29,14.1233281130385
1111,2021-12-22 23:48:30,14.084011935670336
1112,2021-12-22 23:48:31,13.979048633058031
1113,2021-12-22 23:48:32,13.96229066797014
1114,2021-12-22 23:48:33,13.933716678101977
1115,2021-12-22 23:48:34,13.908482455689867
1116,2021-12-22 23:48:35,13.892037295777758
1117,2021-12-22 23:48:36,13.83935537286516
1118,2021-12-22 23:48:37,13.825356387574633
1119,2021-12-22 23:48:38,13.796244892938592
1120,2021-12-22 23:48:39,13.747519397218188
1121,2021-12-22 23:48:40,13.751913928468188
1122,2021-12-22 23:48:41,13.758612536866625
1123,2021-12-22 23:48:42,13.717488192994555
1124,2021-12-22 23:48:43,13.741669558961352
1125,2021-12-22 23:48:44,13.632647418458422
1126,2021-12-22 23:48:45,13.63277521081682
1127,2021-12-22 23:48:46,13.674993419129809
1128,2021-12-22 23:48:47,13.711644076783617
1129,2021-12-22 23:48:48,13.687403583009203
1130,2021-12-22 23:48:49,13.719448947389086
1131,2021-12-22 23:48:50,13.716032885987719
1132,2021-12-22 23:48:51,13.76460351892229
1133,2021-12-22 23:48:52,13.75604524560686
1134,2021-12-22 23:48:53,13.747658633668383
1135,2021-12-22 23:48:54,13.785385989625414
1136,2021-12-22 23:48:55,13.763394259889086
1137,2021-12-22 23:48:56,13.766432666261156
1138,2021-12-22 23:48:57,13.63099756189104
1139,2021-12-22 23:48:58,13.652615451295336
1140,2021-12-22 23:48:59,13.634924792726
1141,2021-12-22 23:49:00,13.646098041017016
1142,2021-12-22 23:49:01,13.596338176209887
1143,2021-12-22 23:49:02,13.548957728822192
1144,2021-12-22 23:49:03,13.302497767884692
1145,2021-12-22 23:49:04,13.302497767884692
1146,2021-12-22 23:49:05,13.248227977235278
1147,2021-12-22 23:49:06,13.15861978479143
1148,2021-12-22 23:49:07,13.032750033814867
1149,2021-12-22 23:49:08,12.929574870545824
1150,2021-12-22 23:49:09,12.826999568421801
1151,2021-12-22 23:49:10,12.424110316712817
1152,2021-12-22 23:49:11,12.06397809930559
1153,2021-12-22 23:49:12,11.992154025514086
1154,2021-12-22 23:49:13,11.893732928712328
1155,2021-12-22 23:49:14,11.866845988709887
1156,2021-12-22 23:49:15,11.795388125855883
1157,2021-12-22 23:49:16,11.74590291925188
1158,2021-12-22 23:49:17,12.249464892823656
1159,2021-12-22 23:49:18,12.309646510560473
1160,2021-12-22 23:49:19,12.298958682496508
1161,2021-12-22 23:49:20,12.264069461305102
1162,2021-12-22 23:49:21,12.191376590211352
1163,2021-12-22 23:49:22,12.178818606812914
1164,2021-12-22 23:49:23,12.154044055421313
1165,2021-12-22 23:49:24,11.824301623780688
1166,2021-12-22 23:49:25,11.766819858033617
1167,2021-12-22 23:49:26,11.735390567262133
1168,2021-12-22 23:49:27,11.697005176026781
1169,2021-12-22 23:49:28,11.649977588136156
1170,2021-12-22 23:49:29,11.636476420838793
1171,2021-12-22 23:49:30,11.620421313722094
1172,2021-12-22 23:49:31,11.588498019654711
1173,2021-12-22 23:49:32,11.565155887086352
1174,2021-12-22 23:49:33,11.568426989991625
1175,2021-12-22 23:49:34,11.595433139283617
1176,2021-12-22 23:49:35,11.585297488648852
1177,2021-12-22 23:49:36,11.655299090821703
1178,2021-12-22 23:49:37,11.637901210267504
1179,2021-12-22 23:49:38,11.630553149659594
1180,2021-12-22 23:49:39,11.665587329347094
1181,2021-12-22 23:49:40,11.687497043092211
1182,2021-12-22 23:49:41,11.711806201417406
1183,2021-12-22 23:49:42,11.733899020631274
1184,2021-12-22 23:49:43,11.734414004762133
1185,2021-12-22 23:49:44,11.759984874207934
1186,2021-12-22 23:49:45,11.815722369630297
1187,2021-12-22 23:49:46,11.86902131982561
1188,2021-12-22 23:49:47,11.88483705468889
1189,2021-12-22 23:49:48,11.866341494996508
1190,2021-12-22 23:49:49,11.906489276368578
1191,2021-12-22 23:49:50,11.829916858155688
1192,2021-12-22 23:49:51,11.82314386316057
1193,2021-12-22 23:49:52,11.843682193238696
1194,2021-12-22 23:49:53,11.862444781739672
1195,2021-12-22 23:49:54,11.85906209893938
1196,2021-12-22 23:49:55,11.881234073121508
1197,2021-12-22 23:49:56,11.873803996522387
1198,2021-12-22 23:49:57,11.873663806397875
1199,2021-12-22 23:49:58,11.792827510316332
1200,2021-12-22 23:49:59,11.834872149903735
1201,2021-12-22 23:50:00,11.845202350099047
1202,2021-12-22 23:50:01,11.832228564698656
1203,2021-12-22 23:50:02,11.843506717164477
1204,2021-12-22 23:50:03,11.76830282159563
1205,2021-12-22 23:50:04,11.732464694459399
1206,2021-12-22 23:50:05,11.71992578454729
1207,2021-12-22 23:50:06,11.701952838380297
1208,2021-12-22 23:50:07,11.658739947755297
1209,2021-12-22 23:50:08,11.630783938844164
1210,2021-12-22 23:50:09,11.61080255456682
1211,2021-12-22 23:50:10,11.600897693116625
1212,2021-12-22 23:50:11,11.570956134278735
1213,2021-12-22 23:50:12,11.554119967896899
1214,2021-12-22 23:50:13,11.563855075318774
1215,2021-12-22 23:50:14,11.599738025147875
1216,2021-12-22 23:50:15,11.573888682801684
1217,2021-12-22 23:50:16,11.609558963258227
1218,2021-12-22 23:50:17,11.276184939820727
1219,2021-12-22 23:50:18,11.294735812623461
1220,2021-12-22 23:50:19,11.273573779542406
1221,2021-12-22 23:50:20,11.286480807740649
1222,2021-12-22 23:50:21,11.301388644654711
1223,2021-12-22 23:50:22,11.352795505006274
1224,2021-12-22 23:50:23,11.429133319337328
1225,2021-12-22 23:50:24,11.460266971070727
1226,2021-12-22 23:50:25,11.537459277589281
1227,2021-12-22 23:50:26,11.540921115357836
1228,2021-12-22 23:50:27,11.582363986451586
1229,2021-12-22 23:50:28,11.62092103906389
1230,2021-12-22 23:50:29,11.273871325929125
1231,2021-12-22 23:50:30,11.273871325929125
1232,2021-12-22 23:50:31,11.311116122682055
1233,2021-12-22 23:50:32,11.282246493775805
1234,2021-12-22 23:50:33,11.271784686524828
1235,2021-12-22 23:50:34,11.252703570802172
1236,2021-12-22 23:50:35,11.201906108338793
1237,2021-12-22 23:50:36,11.291996859986742
1238,2021-12-22 23:50:37,11.268853091676196
1239,2021-12-22 23:50:38,11.284729861695727
1240,2021-12-22 23:50:39,11.242182635743578
1241,2021-12-22 23:50:40,11.279730700929125
1242,2021-12-22 23:50:41,11.291863345582446
1243,2021-12-22 23:50:42,11.32058324762102
1244,2021-12-22 23:50:43,11.185951137025317
1245,2021-12-22 23:50:44,11.165289782960375
1246,2021-12-22 23:50:45,11.207746409852465
1247,2021-12-22 23:50:46,11.254366778809985
1248,2021-12-22 23:50:47,11.288364314515551
1249,2021-12-22 23:50:48,11.319023990113696
1250,2021-12-22 23:50:49,11.337072276551684
1251,2021-12-22 23:50:50,11.195367717225512
1252,2021-12-22 23:50:51,11.202875995118578
1253,2021-12-22 23:50:52,11.238897227723559
1254,2021-12-22 23:50:53,11.234244250733813
1255,2021-12-22 23:50:54,11.264256381471117
1256,2021-12-22 23:50:55,11.256624125916918
1257,2021-12-22 23:50:56,11.162213229615649
1258,2021-12-22 23:50:57,11.158431910951098
1259,2021-12-22 23:50:58,11.172211551148852
1260,2021-12-22 23:50:59,11.217294597108324
1261,2021-12-22 23:51:00,11.228486918885668
1262,2021-12-22 23:51:01,11.256041430909594
1263,2021-12-22 23:51:02,11.242520236451586
1264,2021-12-22 23:51:03,11.14177408166643
1265,2021-12-22 23:51:04,11.117937945802172
1266,2021-12-22 23:51:05,11.14692487664934
1267,2021-12-22 23:51:06,11.156845950562914
1268,2021-12-22 23:51:07,11.190913104493578
1269,2021-12-22 23:51:08,11.183157824952563
1270,2021-12-22 23:51:09,11.189108752686938
1271,2021-12-22 23:51:10,10.960421466309985
1272,2021-12-22 23:51:11,10.982788943726977
1273,2021-12-22 23:51:12,10.982788943726977
1274,2021-12-22 23:51:13,10.97853174157854
1275,2021-12-22 23:51:14,10.979897403199633
1276,2021-12-22 23:51:15,10.988325976808031
1277,2021-12-22 23:51:16,11.048230075318774
1278,2021-12-22 23:51:17,11.047799014527758
1279,2021-12-22 23:51:18,11.04963197656389
1280,2021-12-22 23:51:19,11.038519763429125
1281,2021-12-22 23:51:20,11.08422841974016
1282,2021-12-22 23:51:21,11.059636973817309
1283,2021-12-22 23:51:22,11.01587953515764
1284,2021-12-22 23:51:23,10.769564532716235
1285,2021-12-22 23:51:24,10.819592380006274
1286,2021-12-22 23:51:25,10.815804385621508
1287,2021-12-22 23:51:26,10.845076465089281
1288,2021-12-22 23:51:27,10.864807986695727
1289,2021-12-22 23:51:28,10.845954799134692
1290,2021-12-22 23:51:29,10.870875262696703
1291,2021-12-22 23:51:30,10.951306247193774
1292,2021-12-22 23:51:31,10.979689502198656
1293,2021-12-22 23:51:32,10.97343912072893
1294,2021-12-22 23:51:33,10.967120074708422
1295,2021-12-22 23:51:34,10.943137072999438
1296,2021-12-22 23:51:35,10.951987170655688
1297,2021-12-22 23:51:36,10.798516177613696
1298,2021-12-22 23:51:37,10.766154193360766
1299,2021-12-22 23:51:38,10.802372836549242
1300,2021-12-22 23:51:39,10.827906512696703
1301,2021-12-22 23:51:40,10.831946277101
1302,2021-12-22 23:51:41,10.802400493104418
1303,2021-12-22 23:51:42,10.77900209375139
1304,2021-12-22 23:51:43,10.743090533692797
1305,2021-12-22 23:51:44,10.71766462274309
1306,2021-12-22 23:51:45,10.676026248414477
1307,2021-12-22 23:51:46,10.669344806153735
1308,2021-12-22 23:51:47,10.634273433167895
1309,2021-12-22 23:51:48,10.613638781983813
1310,2021-12-22 23:51:49,10.417157077271899
1311,2021-12-22 23:51:50,10.42457666345354
1312,2021-12-22 23:51:51,10.389535808045824
1313,2021-12-22 23:51:52,10.409205340821703
1314,2021-12-22 23:51:53,10.39277734704729
1315,2021-12-22 23:51:54,10.412203692872485
1316,2021-12-22 23:51:55,10.480547809083422
1317,2021-12-22 23:51:56,10.470791720826586
1318,2021-12-22 23:51:57,10.44513978906389
1319,2021-12-22 23:51:58,10.45900049157854
1320,2021-12-22 23:51:59,10.46263589807268
1321,2021-12-22 23:52:00,10.489617251832446
1322,2021-12-22 23:52:01,10.483990573365649
1323,2021-12-22 23:52:02,10.502175235230883
1324,2021-12-22 23:52:03,10.50677480645891
1325,2021-12-22 23:52:04,10.508431338746508
1326,2021-12-22 23:52:05,10.53486146875139
1327,2021-12-22 23:52:06,10.542445086915453
1328,2021-12-22 23:52:07,10.567723178346117
1329,2021-12-22 23:52:08,10.587187671143969
1330,2021-12-22 23:52:09,10.359115504701098
1331,2021-12-22 23:52:10,10.316596888978442
1332,2021-12-22 23:52:11,10.334219836671313
1333,2021-12-22 23:52:12,10.342205905396899
1334,2021-12-22 23:52:13,10.382811450440844
1335,2021-12-22 23:52:14,10.421131038148364
1336,2021-12-22 23:52:15,10.510388278443774
1337,2021-12-22 23:52:16,10.595884227235278
1338,2021-12-22 23:52:17,10.639328860719164
1339,2021-12-22 23:52:18,10.696652316529711
1340,2021-12-22 23:52:19,10.772492312867602
1341,2021-12-22 23:52:20,10.80013647027727
1342,2021-12-22 23:52:21,10.829024218995531
1343,2021-12-22 23:52:22,10.831528567750414
1344,2021-12-22 23:52:23,10.86623468347307
1345,2021-12-22 23:52:24,10.78392209954973
1346,2021-12-22 23:52:25,10.783909701783617
1347,2021-12-22 23:52:26,10.774588489015063
1348,2021-12-22 23:52:27,10.804028415162524
1349,2021-12-22 23:52:28,10.82597818322893
1350,2021-12-22 23:52:29,10.727827929933031
1351,2021-12-22 23:52:30,10.73619546838518
1352,2021-12-22 23:52:31,10.751526736695727
1353,2021-12-22 23:52:32,10.74263086267229
1354,2021-12-22 23:52:33,10.71733274408098
1355,2021-12-22 23:52:34,10.715086841065844
1356,2021-12-22 23:52:35,10.93178930230852
1357,2021-12-22 23:52:36,10.955325984437426
1358,2021-12-22 23:52:37,10.935986422975024
1359,2021-12-22 23:52:38,10.941641711671313
1360,2021-12-22 23:52:39,10.937743091065844
1361,2021-12-22 23:52:40,10.937743091065844
1362,2021-12-22 23:52:41,10.964144610841235
1363,2021-12-22 23:52:42,11.157719516236742
1364,2021-12-22 23:52:43,11.144732379395922
1365,2021-12-22 23:52:44,11.163480662782153
1366,2021-12-22 23:52:45,11.211716556031664
1367,2021-12-22 23:52:46,11.24712362237688
1368,2021-12-22 23:52:47,11.301714801270922
1369,2021-12-22 23:52:48,11.268340014893969
1370,2021-12-22 23:52:49,11.27602472253557
1371,2021-12-22 23:52:50,11.342880153138598
1372,2021-12-22 23:52:51,11.347614192445239
1373,2021-12-22 23:52:52,11.392489337403735
1374,2021-12-22 23:52:53,11.410401248414477
1375,2021-12-22 23:52:54,11.469829463441332
1376,2021-12-22 23:52:55,11.470894717652758
1377,2021-12-22 23:52:56,11.275799655396899
1378,2021-12-22 23:52:57,11.201163196046313
1379,2021-12-22 23:52:58,11.234978579957446
1380,2021-12-22 23:52:59,11.224228763062914
1381,2021-12-22 23:53:00,11.276854419190844
1382,2021-12-22 23:53:01,11.315984630067309
1383,2021-12-22 23:53:02,11.317482852418383
1384,2021-12-22 23:53:03,11.320002459962328
1385,2021-12-22 23:53:04,11.307904147584399
1386,2021-12-22 23:53:05,11.276460551698168
1387,2021-12-22 23:53:06,11.311394595582446
1388,2021-12-22 23:53:07,11.341351413209399
1389,2021-12-22 23:53:08,11.403403186280688
1390,2021-12-22 23:53:09,11.400402926881274
1391,2021-12-22 23:53:10,11.402363681275805
1392,2021-12-22 23:53:11,11.43426790185686
1393,2021-12-22 23:53:12,11.43222703881975
1394,2021-12-22 23:53:13,11.476536654908617
1395,2021-12-22 23:53:14,11.530414803551665
1396,2021-12-22 23:53:15,11.557620906312426
1397,2021-12-22 23:53:16,11.603764438111742
1398,2021-12-22 23:53:17,11.641585254151781
1399,2021-12-22 23:53:18,11.67924966760393
1400,2021-12-22 23:53:19,11.68946351953264
1401,2021-12-22 23:53:20,11.64754857965227
1402,2021-12-22 23:53:21,11.704758548219164
1403,2021-12-22 23:53:22,11.646901988465746
1404,2021-12-22 23:53:23,11.637679004151781
1405,2021-12-22 23:53:24,11.652130984742602
1406,2021-12-22 23:53:25,11.646639728028735
1407,2021-12-22 23:53:26,11.679619921495163
1408,2021-12-22 23:53:27,11.721614016343796
1409,2021-12-22 23:53:28,11.751888407518113
1410,2021-12-22 23:53:29,11.820309771348679
1411,2021-12-22 23:53:30,11.856936587144578
1412,2021-12-22 23:53:31,11.882895602037156
1413,2021-12-22 23:53:32,11.941788805772507
1414,2021-12-22 23:53:33,12.000896357972582
1415,2021-12-22 23:53:34,12.053570651490649
1416,2021-12-22 23:53:35,12.095179461915453
1417,2021-12-22 23:53:36,12.120233439881762
1418,2021-12-22 23:53:37,12.144229793031176
1419,2021-12-22 23:53:38,12.15183153100725
1420,2021-12-22 23:53:39,12.171919726808031
1421,2021-12-22 23:53:40,12.163850688416918
1422,2021-12-22 23:53:41,12.365748537828171
1423,2021-12-22 23:53:42,12.371941698838913
1424,2021-12-22 23:53:43,12.371922625352585
1425,2021-12-22 23:53:44,12.390513552476609
1426,2021-12-22 23:53:45,12.407654894639695
1427,2021-12-22 23:53:46,12.408373011399949
1428,2021-12-22 23:53:47,12.403164995958054
1429,2021-12-22 23:53:48,12.409152163316453
1430,2021-12-22 23:53:49,12.440289629747117
1431,2021-12-22 23:53:50,12.452109469224656
1432,2021-12-22 23:53:51,12.459125651170456
1433,2021-12-22 23:53:52,12.490183962632859
1434,2021-12-22 23:53:53,12.507672442247117
1435,2021-12-22 23:53:54,12.534329546739304
1436,2021-12-22 23:53:55,12.504590166856492
1437,2021-12-22 23:53:56,12.51758302574321
1438,2021-12-22 23:53:57,12.560370577623093
1439,2021-12-22 23:53:58,12.550198687364304
1440,2021-12-22 23:53:59,12.564148081590378
1441,2021-12-22 23:54:00,12.599290026475632
1442,2021-12-22 23:54:01,12.727839602281296
1443,2021-12-22 23:54:02,12.766991747667038
1444,2021-12-22 23:54:03,12.8235312831895
1445,2021-12-22 23:54:04,12.864985370118578
1446,2021-12-22 23:54:05,12.882676028687914
1447,2021-12-22 23:54:06,12.906237506349047
1448,2021-12-22 23:54:07,12.92742910333391
1449,2021-12-22 23:54:08,13.027762317140063
1450,2021-12-22 23:54:09,13.073476695496996
1451,2021-12-22 23:54:10,13.06959619470354
1452,2021-12-22 23:54:11,13.085781955201586
1453,2021-12-22 23:54:12,13.091915988404711
1454,2021-12-22 23:54:13,13.091627978761156
1455,2021-12-22 23:54:14,13.121708774049242
1456,2021-12-22 23:54:15,13.113140963990649
1457,2021-12-22 23:54:16,13.14614191003557
1458,2021-12-22 23:54:17,13.149323367555102
1459,2021-12-22 23:54:18,13.161725902039965
1460,2021-12-22 23:54:19,13.146632098634203
1461,2021-12-22 23:54:20,13.116007937242234
1462,2021-12-22 23:54:21,13.349318636705124
1463,2021-12-22 23:54:22,13.436585558702195
1464,2021-12-22 23:54:23,13.430102480699265
1465,2021-12-22 23:54:24,13.442328585435593
1466,2021-12-22 23:54:25,13.502890490968188
1467,2021-12-22 23:54:26,13.555244349915942
1468,2021-12-22 23:54:27,13.604775332887133
1469,2021-12-22 23:54:28,13.668816470582446
1470,2021-12-22 23:54:29,13.750590228517016
1471,2021-12-22 23:54:30,13.793513202149828
1472,2021-12-22 23:54:31,13.831756495912035
1473,2021-12-22 23:54:32,13.814903163392504
1474,2021-12-22 23:54:33,13.810324572999438
1475,2021-12-22 23:54:34,13.919744395692309
1476,2021-12-22 23:54:35,13.995577716309985
1477,2021-12-22 23:54:36,14.025648974854906
1478,2021-12-22 23:54:37,14.039082431275805
1479,2021-12-22 23:54:38,14.029234790284594
1480,2021-12-22 23:54:39,10.128216647584399
1481,2021-12-22 23:54:40,10.145901584107836
1482,2021-12-22 23:54:41,10.260708713014086
1483,2021-12-22 23:54:42,10.28313150354143
1484,2021-12-22 23:54:43,10.251843356568774
1485,2021-12-22 23:54:44,10.256729030091723
1486,2021-12-22 23:54:45,10.246994876344164
1487,2021-12-22 23:54:46,10.235958003480395
1488,2021-12-22 23:54:47,10.262608432252367
1489,2021-12-22 23:54:48,10.262608432252367
1490,2021-12-22 23:54:49,10.353352450807055
1491,2021-12-22 23:54:50,10.372570895631274
1492,2021-12-22 23:54:51,10.368507289369067
1493,2021-12-22 23:54:52,10.383381747682055
1494,2021-12-22 23:54:53,10.45444383569475
1495,2021-12-22 23:54:54,10.604130649049242
1496,2021-12-22 23:54:55,10.57045068689104
1497,2021-12-22 23:54:56,10.609328174073656
1498,2021-12-22 23:54:57,10.600645923097094
1499,2021-12-22 23:54:58,10.589276217896899
1500,2021-12-22 23:54:59,10.588080310304125
1501,2021-12-22 23:55:00,10.569073581178149
1502,2021-12-22 23:55:01,10.588688754517992
1503,2021-12-22 23:55:02,10.596453570802172
1504,2021-12-22 23:55:03,10.593686007935961
1505,2021-12-22 23:55:04,10.653822802979906
1506,2021-12-22 23:55:05,10.663025760133227
1507,2021-12-22 23:55:06,10.6725863451552
1508,2021-12-22 23:55:07,11.119437121827563
1509,2021-12-22 23:55:08,11.16825284906145
1510,2021-12-22 23:55:09,11.181506061036547
1511,2021-12-22 23:55:10,11.181276225526293
1512,2021-12-22 23:55:11,11.203780078370531
1513,2021-12-22 23:55:12,11.175911807496508
1514,2021-12-22 23:55:13,11.12474813409563
1515,2021-12-22 23:55:14,11.065102481324633
1516,2021-12-22 23:55:15,11.098225497682055
1517,2021-12-22 23:55:16,11.110169314820727
1518,2021-12-22 23:55:17,11.085204028565844
1519,2021-12-22 23:55:18,11.073034190614184
1520,2021-12-22 23:55:19,11.088434123475512
1521,2021-12-22 23:55:20,11.117894076783617
1522,2021-12-22 23:55:21,11.319318675477465
1523,2021-12-22 23:55:22,11.363922976930102
1524,2021-12-22 23:55:23,11.36437215753313
1525,2021-12-22 23:55:24,11.38471784539934
1526,2021-12-22 23:55:25,11.3625859255385
1527,2021-12-22 23:55:26,11.391996287782153
1528,2021-12-22 23:55:27,11.586283587892016
1529,2021-12-22 23:55:28,11.6357211107802
1530,2021-12-22 23:55:29,11.665938281495531
1531,2021-12-22 23:55:30,11.676871203858813
1532,2021-12-22 23:55:31,11.657491588075121
1533,2021-12-22 23:55:32,11.68955125756975
1534,2021-12-22 23:55:33,11.71068277307268
1535,2021-12-22 23:55:34,11.74249544091936
1536,2021-12-22 23:55:35,11.757920169312914
1537,2021-12-22 23:55:36,11.788204097230395
1538,2021-12-22 23:55:37,11.79875650354143
1539,2021-12-22 23:55:38,11.823927783448656
1540,2021-12-22 23:55:39,11.808287524659594
1541,2021-12-22 23:55:40,11.91956605859514
1542,2021-12-22 23:55:41,12.073659800965746
1543,2021-12-22 23:55:42,12.07904329248186
1544,2021-12-22 23:55:43,12.084847354371508
1545,2021-12-22 23:55:44,12.113408946473559
1546,2021-12-22 23:55:45,12.104777240235766
1547,2021-12-22 23:55:46,12.077635669190844
1548,2021-12-22 23:55:47,12.09000577874895
1549,2021-12-22 23:55:48,12.128637217957934
1550,2021-12-22 23:55:49,12.128778361756762
1551,2021-12-22 23:55:50,12.105265521485766
1552,2021-12-22 23:55:51,12.102639102418383
1553,2021-12-22 23:55:52,12.10600461908098
1554,2021-12-22 23:55:53,12.371447467286547
1555,2021-12-22 23:55:54,5.910245799500903
1556,2021-12-22 23:55:55,5.935081386048754
1557,2021-12-22 23:55:56,5.911458873231371
1558,2021-12-22 23:55:57,5.879693889100512
1559,2021-12-22 23:55:58,5.880147838075121
1560,2021-12-22 23:55:59,5.878576182801684
1561,2021-12-22 23:56:00,5.779340648133715
1562,2021-12-22 23:56:01,5.751748942811449
1563,2021-12-22 23:56:02,5.751480006654223
1564,2021-12-22 23:56:03,5.793132686097582
1565,2021-12-22 23:56:04,5.793756389100512
1566,2021-12-22 23:56:05,5.765897654969653
1567,2021-12-22 23:56:06,5.829765223939379
1568,2021-12-22 23:56:07,5.786458873231371
1569,2021-12-22 23:56:08,5.751388453919848
1570,2021-12-22 23:56:09,5.71456518121477
1571,2021-12-22 23:56:10,5.693899058778246
1572,2021-12-22 23:56:11,5.684219264466723
1573,2021-12-22 23:56:12,5.521779918153246
1574,2021-12-22 23:56:13,5.521779918153246
1575,2021-12-22 23:56:14,5.470371150453051
1576,2021-12-22 23:56:15,5.473298930604418
1577,2021-12-22 23:56:16,5.463531398255785
1578,2021-12-22 23:56:17,5.476476573426684
1579,2021-12-22 23:56:18,5.487499141175707
1580,2021-12-22 23:56:19,5.465558909852465
1581,2021-12-22 23:56:20,5.648832225282153
1582,2021-12-22 23:56:21,5.661672496278246
1583,2021-12-22 23:56:22,5.648157023866137
1584,2021-12-22 23:56:23,5.66006078668352
1585,2021-12-22 23:56:24,5.682870768983324
1586,2021-12-22 23:56:25,5.703119182069262
1587,2021-12-22 23:56:26,5.765401744325121
1588,2021-12-22 23:56:27,5.771249675233324
1589,2021-12-22 23:56:28,5.76710309930559
1590,2021-12-22 23:56:29,5.814165019471606
1591,2021-12-22 23:56:30,5.844400309998949
1592,2021-12-22 23:56:31,5.898727321107348
1593,2021-12-22 23:56:32,5.8665656084608635
1594,2021-12-22 23:56:33,5.823837184388598
1595,2021-12-22 23:56:34,5.816884898621996
1596,2021-12-22 23:56:35,5.83765973993059
1597,2021-12-22 23:56:36,5.820238017518481
1598,2021-12-22 23:56:37,5.824493312318285
1599,2021-12-22 23:56:38,5.814878367860278
1600,2021-12-22 23:56:39,5.706346415955981
1601,2021-12-22 23:56:40,5.65992536493059
1602,2021-12-22 23:56:41,5.6493720049452385
1603,2021-12-22 23:56:42,5.646940135438403
1604,2021-12-22 23:56:43,5.668313884217699
1605,2021-12-22 23:56:44,5.676816844422778
1606,2021-12-22 23:56:45,5.703765773255785
1607,2021-12-22 23:56:46,5.492607020814379
1608,2021-12-22 23:56:47,5.475732707459887
1609,2021-12-22 23:56:48,5.466161632020434
1610,2021-12-22 23:56:49,5.488176249940356
1611,2021-12-22 23:56:50,5.489602946717699
1612,2021-12-22 23:56:51,5.456338786561449
1613,2021-12-22 23:56:52,5.452966594178637
1614,2021-12-22 23:56:53,5.472015284974535
1615,2021-12-22 23:56:54,5.450729274232348
1616,2021-12-22 23:56:55,5.432660960633715
1617,2021-12-22 23:56:56,5.432660960633715
1618,2021-12-22 23:56:57,5.411001109559496
1619,2021-12-22 23:56:58,5.364789866883715
1620,2021-12-22 23:56:59,5.466293239076098
1621,2021-12-22 23:57:00,5.479669475038012
1622,2021-12-22 23:57:01,5.448306941468676
1623,2021-12-22 23:57:02,5.394695186097582
1624,2021-12-22 23:57:03,5.358495616395434
1625,2021-12-22 23:57:04,5.323003673036059
1626,2021-12-22 23:57:05,5.296581172425707
1627,2021-12-22 23:57:06,5.003738307435473
1628,2021-12-22 23:57:07,4.932893657166918
1629,2021-12-22 23:57:08,4.899682902772387
1630,2021-12-22 23:57:09,4.865758799989184
1631,2021-12-22 23:57:10,4.846708201844653
1632,2021-12-22 23:57:11,4.8291205401014885
1633,2021-12-22 23:57:12,4.439955029352166
1634,2021-12-22 23:57:13,4.347490214784106
1635,2021-12-22 23:57:14,4.384858989198168
1636,2021-12-22 23:57:15,4.386979960877856
1637,2021-12-22 23:57:16,4.375492000062426
1638,2021-12-22 23:57:17,4.377065562684496
1639,2021-12-22 23:57:18,4.394872569520434
1640,2021-12-22 23:57:19,4.369672679383715
1641,2021-12-22 23:57:20,4.139230632264574
1642,2021-12-22 23:57:21,4.171481990296801
1643,2021-12-22 23:57:22,4.179237269837817
1644,2021-12-22 23:57:23,4.191081904847582
1645,2021-12-22 23:57:24,4.226821803529223
1646,2021-12-22 23:57:25,4.305015468080004
1647,2021-12-22 23:57:26,4.081624888856371
1648,2021-12-22 23:57:27,4.121061229188403
1649,2021-12-22 23:57:28,4.155374431092699
1650,2021-12-22 23:57:29,4.178705119569262
1651,2021-12-22 23:57:30,4.200544261414965
1652,2021-12-22 23:57:31,4.249307536561449
1653,2021-12-22 23:57:32,4.082605266053637
1654,2021-12-22 23:57:33,3.918129238946893
1655,2021-12-22 23:57:34,3.936895274598559
1656,2021-12-22 23:57:35,3.936895274598559
1657,2021-12-22 23:57:36,3.975791835267504
1658,2021-12-22 23:57:37,4.002452754456957
1659,2021-12-22 23:57:38,4.002342128236254
1660,2021-12-22 23:57:39,4.027746104676684
1661,2021-12-22 23:57:40,3.9649561876844963
1662,2021-12-22 23:57:41,3.950776957948168
1663,2021-12-22 23:57:42,3.9476393694471916
1664,2021-12-22 23:57:43,3.929527186830004
1665,2021-12-22 23:57:44,3.973512553651293
1666,2021-12-22 23:57:45,3.7324103350233635
1667,2021-12-22 23:57:46,3.7416686052870354
1668,2021-12-22 23:57:47,3.770971202332934
1669,2021-12-22 23:57:48,3.9012354845594963
1670,2021-12-22 23:57:49,4.07398786493059
1671,2021-12-22 23:57:50,4.190053843934496
1672,2021-12-22 23:57:51,4.178949260194262
1673,2021-12-22 23:57:52,3.999160670716723
1674,2021-12-22 23:57:53,3.959983729798754
1675,2021-12-22 23:57:54,3.9169501299452385
1676,2021-12-22 23:57:55,3.8505375223627
1677,2021-12-22 23:57:56,3.606425507592192
1678,2021-12-22 23:57:57,3.404795868920317
1679,2021-12-22 23:57:58,3.256583436058989
1680,2021-12-22 23:57:59,2.874339325951567
1681,2021-12-22 23:58:00,2.71423266701602
1682,2021-12-22 23:58:01,2.645121796654692
1683,2021-12-22 23:58:02,2.652945740746489
1684,2021-12-22 23:58:03,2.8622104959955124
1685,2021-12-22 23:58:04,2.890383942650786
1686,2021-12-22 23:58:05,2.7048694925775436
1687,2021-12-22 23:58:06,2.7163364725580124
1688,2021-12-22 23:58:07,2.6549582328709285
1689,2021-12-22 23:58:08,2.7690920677097957
1690,2021-12-22 23:58:09,2.8428718882074264
1691,2021-12-22 23:58:10,2.855998261498442
1692,2021-12-22 23:58:11,2.837628826132647
1693,2021-12-22 23:58:12,2.790513500204913
1694,2021-12-22 23:58:13,2.8098213510980514
1695,2021-12-22 23:58:14,2.776461823510161
1696,2021-12-22 23:58:15,2.7514948692234675
1697,2021-12-22 23:58:16,2.7771220054539363
1698,2021-12-22 23:58:17,2.7771220054539363
1699,2021-12-22 23:58:18,2.80994914345645
1700,2021-12-22 23:58:19,2.794272645043364
1701,2021-12-22 23:58:20,2.812737926474444
1702,2021-12-22 23:58:21,2.7756552543553035
1703,2021-12-22 23:58:22,2.701670868920317
1704,2021-12-22 23:58:23,2.690967470409454
1705,2021-12-22 23:58:24,2.6430625021477354
1706,2021-12-22 23:58:25,2.4575054483880905
1707,2021-12-22 23:58:26,2.3652126627435592
1708,2021-12-22 23:58:27,2.3292190866937545
1709,2021-12-22 23:58:28,2.320691570273272
1710,2021-12-22 23:58:29,2.258059963217608
1711,2021-12-22 23:58:30,2.23911999129378
1712,2021-12-22 23:58:31,2.2178318338861374
1713,2021-12-22 23:58:32,2.326335175560942
1714,2021-12-22 23:58:33,2.600188477562895
1715,2021-12-22 23:58:34,2.581538661948077
1716,2021-12-22 23:58:35,2.569529755639067
1717,2021-12-22 23:58:36,2.4632658805760066
1718,2021-12-22 23:58:37,2.4514896708002
1719,2021-12-22 23:58:38,2.2485534983148483
1720,2021-12-22 23:58:39,2.2582161264886764
1721,2021-12-22 23:58:40,2.352326615380278
1722,2021-12-22 23:58:41,2.3641127645989073
1723,2021-12-22 23:58:42,2.3532790243645323
1724,2021-12-22 23:58:43,2.3391258554925827
1725,2021-12-22 23:58:44,2.3438064890375045
1726,2021-12-22 23:58:45,3.0550300913324264
1727,2021-12-22 23:58:46,3.1668140726556686
1728,2021-12-22 23:58:47,3.1467659311761764
1729,2021-12-22 23:58:48,3.138177379599444
1730,2021-12-22 23:58:49,3.1419028341789854
1731,2021-12-22 23:58:50,3.151294618846954
1732,2021-12-22 23:58:51,3.5521561845160683
1733,2021-12-22 23:58:52,3.625742097469633
1734,2021-12-22 23:58:53,3.6409792636806912
1735,2021-12-22 23:58:54,3.6482297378504924
1736,2021-12-22 23:58:55,3.687713119881863
1737,2021-12-22 23:58:56,3.667734284969633
1738,2021-12-22 23:58:57,3.651550431820219
1739,2021-12-22 23:58:58,4.059694429012602
1740,2021-12-22 23:58:59,4.105302949520414
1741,2021-12-22 23:59:00,4.1968075974799355
1742,2021-12-22 23:59:01,4.220889781317826
1743,2021-12-22 23:59:02,4.158017848334428
1744,2021-12-22 23:59:03,4.188844416937943
1745,2021-12-22 23:59:04,4.367984507880326
1746,2021-12-22 23:59:05,4.797092173895951
1747,2021-12-22 23:59:06,4.85712978681099
1748,2021-12-22 23:59:07,4.945422862372514
1749,2021-12-22 23:59:08,5.044790004096146
1750,2021-12-22 23:59:09,5.105025981268998
1751,2021-12-22 23:59:10,5.143876765570756
1752,2021-12-22 23:59:11,5.182336543402787
1753,2021-12-22 23:59:12,5.360414241156693
1754,2021-12-22 23:59:13,5.478530619940873
1755,2021-12-22 23:59:14,5.5329682572699745
1756,2021-12-22 23:59:15,5.591569636664506
1757,2021-12-22 23:59:16,5.590705607733842
1758,2021-12-22 23:59:17,5.6385800584174355
1759,2021-12-22 23:59:18,5.7313534959174355
1760,2021-12-22 23:59:19,5.797101710639115
1761,2021-12-22 23:59:20,5.829137538275834
1762,2021-12-22 23:59:21,5.701949809393998
1763,2021-12-22 23:59:22,5.604333613715287
1764,2021-12-22 23:59:23,5.528352473578568
1765,2021-12-22 23:59:24,5.544957850775834
1766,2021-12-22 23:59:25,5.615310405097123
1767,2021-12-22 23:59:26,5.6079404099799355
1768,2021-12-22 23:59:27,5.608817790351029
1769,2021-12-22 23:59:28,5.582978938422318
1770,2021-12-22 23:59:29,5.573661540351029
1771,2021-12-22 23:59:30,5.552186702094193
1772,2021-12-22 23:59:31,5.521611903510209
1773,2021-12-22 23:59:32,5.4679257615424355
1774,2021-12-22 23:59:33,5.428521846137162
1775,2021-12-22 23:59:34,5.419275019965287
1776,2021-12-22 23:59:35,5.405919764838334
1777,2021-12-22 23:59:36,5.360566829047318
1778,2021-12-22 23:59:37,5.394555781684037
1779,2021-12-22 23:59:38,5.5660702927924355
1780,2021-12-22 23:59:39,5.561935160956498
1781,2021-12-22 23:59:40,5.569905970893021
1782,2021-12-22 23:59:41,5.54696247418892
1783,2021-12-22 23:59:42,5.520206187567826
1784,2021-12-22 23:59:43,5.461520884833451
1785,2021-12-22 23:59:44,5.698173259101029
1786,2021-12-22 23:59:45,5.711267207465287
1787,2021-12-22 23:59:46,5.730104182562943
1788,2021-12-22 23:59:47,5.716375087103959
1789,2021-12-22 23:59:48,5.763417933783646
1790,2021-12-22 23:59:49,5.840886805853959
1791,2021-12-22 23:59:50,5.883434031806107
1792,2021-12-22 23:59:51,6.147849772772904
1793,2021-12-22 23:59:52,6.192479823432084
1794,2021-12-22 23:59:53,6.147710536322709
1795,2021-12-22 23:59:54,6.0984189256049355
1796,2021-12-22 23:59:55,6.0347077592230995
1797,2021-12-22 23:59:56,6.018216822943803
1798,2021-12-22 23:59:57,6.042775843939896
1799,2021-12-22 23:59:58,5.992418025336381
1800,2021-12-22 23:59:59,5.8735654099799355
