9,0,1,12.0
9,0,2,16.5
9,0,3,3.0
9,0,4,4.5
9,0,5,4.875
9,0,6,7.5
9,0,7,6.0
9,0,8,3.0
9,0,9,6.0
9,0,10,16.5
9,0,11,7.5
9,0,12,4.5
9,0,13,7.125
9,0,14,7.5
9,0,15,1.875
9,0,16,3.0
9,0,17,6.0
9,0,18,7.5
9,0,19,4.5
9,0,20,6.0
9,0,21,0.75
9,0,22,1.5
9,0,23,1.5
9,0,24,13.5
9,0,25,6.0
9,0,26,9.0
9,0,27,6.0
9,0,28,6.0
9,0,29,9.0
9,0,30,1.5
9,0,31,9.0
9,0,32,6.0
9,0,33,4.5
9,0,34,1.5
9,0,35,13.5
9,0,36,3.0
9,0,37,3.0
9,0,38,4.5
9,0,39,6.0
9,0,40,3.0
9,0,41,4.5
9,0,42,6.0
9,0,43,6.0
9,0,44,10.5
9,0,45,4.5
9,0,46,4.5
9,0,47,4.5
9,0,48,7.5
9,0,49,6.0
9,0,50,6.0
9,1,1,9.0
9,1,2,6.0
9,1,3,3.0
9,1,4,4.5
9,1,5,1.5
9,1,6,4.5
9,1,7,3.0
9,1,8,3.0
9,1,9,3.0
9,1,10,6.0
9,1,11,10.5
9,1,12,4.5
9,1,13,3.0
9,1,14,9.0
9,1,15,0.75
9,1,16,3.0
9,1,17,4.5
9,1,18,12.0
9,1,19,4.5
9,1,20,3.0
9,1,21,3.0
9,1,22,6.0
9,1,23,3.0
9,1,24,7.5
9,1,25,7.5
9,1,26,6.0
9,1,27,3.0
9,1,28,7.5
9,1,29,4.5
9,1,30,4.5
9,1,31,1.5
9,1,32,9.0
9,1,33,12.0
9,1,34,1.5
9,1,35,7.5
9,1,36,4.5
9,1,37,7.5
9,1,38,9.0
9,1,39,13.5
9,1,40,3.0
9,1,41,4.5
9,1,42,4.5
9,1,43,3.0
9,1,44,13.5
9,1,45,10.5
9,1,46,9.0
9,1,47,4.5
9,1,48,7.5
9,1,49,19.5
9,1,50,4.5
9,2,1,4.5
9,2,2,7.5
9,2,3,6.0
9,2,4,4.5
9,2,5,3.375
9,2,6,9.0
9,2,7,4.5
9,2,8,6.0
9,2,9,4.5
9,2,10,12.0
9,2,11,6.0
9,2,12,4.5
9,2,13,1.5
9,2,14,9.0
9,2,15,0.75
9,2,16,9.0
9,2,17,7.5
9,2,18,6.0
9,2,19,3.0
9,2,20,4.5
9,2,21,1.5
9,2,22,6.0
9,2,23,3.0
9,2,24,10.5
9,2,25,4.5
9,2,26,6.0
9,2,27,13.5
9,2,28,9.0
9,2,29,6.0
9,2,30,4.5
9,2,31,4.5
9,2,32,6.0
9,2,33,10.5
9,2,34,1.875
9,2,35,6.0
9,2,36,9.0
9,2,37,7.5
9,2,38,6.0
9,2,39,9.0
9,2,40,16.5
9,2,41,9.0
9,2,42,4.5
9,2,43,6.0
9,2,44,25.5
9,2,45,6.0
9,2,46,3.0
9,2,47,7.5
9,2,48,7.5
9,2,49,9.0
9,2,50,6.0
9,3,1,4.5
9,3,2,3.0
9,3,3,7.5
9,3,4,3.0
9,3,5,6.0
9,3,6,3.0
9,3,7,3.0
9,3,8,4.5
9,3,9,4.5
9,3,10,9.0
9,3,11,6.0
9,3,12,7.5
9,3,13,1.5
9,3,14,4.5
9,3,15,0.75
9,3,16,9.0
9,3,17,6.0
9,3,18,3.0
9,3,19,7.5
9,3,20,7.5
9,3,21,4.5
9,3,22,3.0
9,3,23,1.5
9,3,24,6.0
9,3,25,7.5
9,3,26,19.5
9,3,27,12.0
9,3,28,4.5
9,3,29,15.0
9,3,30,4.5
9,3,31,3.0
9,3,32,9.0
9,3,33,7.5
9,3,34,1.5
9,3,35,1.5
9,3,36,3.0
9,3,37,4.5
9,3,38,6.0
9,3,39,10.5
9,3,40,7.5
9,3,41,13.5
9,3,42,4.5
9,3,43,3.0
9,3,44,13.5
9,3,45,4.5
9,3,46,9.0
9,3,47,7.5
9,3,48,7.5
9,3,49,12.0
9,3,50,10.5
9,4,1,4.5
9,4,2,9.0
9,4,3,6.0
9,4,4,10.5
9,4,5,3.0
9,4,6,13.5
9,4,7,7.5
9,4,8,4.5
9,4,9,6.0
9,4,10,12.0
9,4,11,12.0
9,4,12,6.0
9,4,13,4.875
9,4,14,10.5
9,4,15,1.5
9,4,16,7.5
9,4,17,3.0
9,4,18,4.5
9,4,19,7.5
9,4,20,6.0
9,4,21,3.0
9,4,22,7.5
9,4,23,0.75
9,4,24,7.5
9,4,25,6.375
9,4,26,9.0
9,4,27,6.0
9,4,28,7.5
9,4,29,6.0
9,4,30,3.0
9,4,31,3.0
9,4,32,7.5
9,4,33,15.0
9,4,34,1.5
9,4,35,10.5
9,4,36,6.0
9,4,37,7.5
9,4,38,10.5
9,4,39,4.5
9,4,40,10.5
9,4,41,12.0
9,4,42,4.5
9,4,43,4.5
9,4,44,9.0
9,4,45,6.0
9,4,46,4.5
9,4,47,9.0
9,4,48,3.0
9,4,49,6.0
9,4,50,12.0
9,5,1,7.5
9,5,2,4.5
9,5,3,3.0
9,5,4,4.5
9,5,5,2.625
9,5,6,3.0
9,5,7,3.0
9,5,8,3.0
9,5,9,3.0
9,5,10,4.5
9,5,11,6.0
9,5,12,7.5
9,5,13,3.0
9,5,14,3.0
9,5,15,3.0
9,5,16,6.0
9,5,17,7.5
9,5,18,6.0
9,5,19,4.5
9,5,20,4.5
9,5,21,3.0
9,5,22,3.0
9,5,23,1.875
9,5,24,6.0
9,5,25,1.5
9,5,26,4.5
9,5,27,12.0
9,5,28,3.0
9,5,29,3.0
9,5,30,6.0
9,5,31,3.0
9,5,32,3.0
9,5,33,4.5
9,5,34,1.5
9,5,35,7.5
9,5,36,7.5
9,5,37,7.5
9,5,38,4.5
9,5,39,12.0
9,5,40,1.5
9,5,41,3.0
9,5,42,3.0
9,5,43,3.0
9,5,44,6.0
9,5,45,6.0
9,5,46,4.5
9,5,47,4.5
9,5,48,3.0
9,5,49,4.5
9,5,50,6.0
9,6,1,13.5
9,6,2,1.5
9,6,3,4.5
9,6,4,6.0
9,6,5,3.0
9,6,6,4.5
9,6,7,4.5
9,6,8,6.0
9,6,9,3.0
9,6,10,9.0
9,6,11,4.5
9,6,12,7.5
9,6,13,1.875
9,6,14,9.0
9,6,15,2.25
9,6,16,12.0
9,6,17,3.0
9,6,18,3.0
9,6,19,3.0
9,6,20,3.0
9,6,21,1.5
9,6,22,4.5
9,6,23,1.875
9,6,24,4.5
9,6,25,1.5
9,6,26,12.0
9,6,27,9.0
9,6,28,7.5
9,6,29,12.0
9,6,30,9.0
9,6,31,3.75
9,6,32,4.5
9,6,33,6.0
9,6,34,3.0
9,6,35,9.0
9,6,36,3.0
9,6,37,7.5
9,6,38,6.0
9,6,39,3.0
9,6,40,6.0
9,6,41,1.5
9,6,42,4.5
9,6,43,3.0
9,6,44,7.5
9,6,45,7.5
9,6,46,3.0
9,6,47,9.0
9,6,48,7.5
9,6,49,4.5
9,6,50,4.5
10,0,1,7.5
10,0,2,7.5
10,0,3,6.0
10,0,4,3.0
10,0,5,1.875
10,0,6,4.5
10,0,7,6.0
10,0,8,3.0
10,0,9,6.0
10,0,10,7.5
10,0,11,3.0
10,0,12,4.5
10,0,13,3.0
10,0,14,4.5
10,0,15,0.0
10,0,16,4.5
10,0,17,6.0
10,0,18,4.5
10,0,19,3.0
10,0,20,6.0
10,0,21,3.0
10,0,22,6.0
10,0,23,2.25
10,0,24,10.5
10,0,25,3.75
10,0,26,12.0
10,0,27,9.0
10,0,28,7.5
10,0,29,12.0
10,0,30,7.5
10,0,31,7.5
10,0,32,3.0
10,0,33,3.0
10,0,34,4.5
10,0,35,10.5
10,0,36,6.0
10,0,37,13.5
10,0,38,6.0
10,0,39,9.0
10,0,40,15.0
10,0,41,12.0
10,0,42,4.5
10,0,43,3.0
10,0,44,19.5
10,0,45,6.0
10,0,46,6.0
10,0,47,6.0
10,0,48,3.0
10,0,49,4.5
10,0,50,6.0
10,1,1,7.5
10,1,2,3.0
10,1,3,6.0
10,1,4,1.5
10,1,5,3.0
10,1,6,4.5
10,1,7,4.5
10,1,8,3.0
10,1,9,7.5
10,1,10,7.5
10,1,11,6.0
10,1,12,6.0
10,1,13,1.5
10,1,14,3.0
10,1,15,2.25
10,1,16,3.0
10,1,17,4.5
10,1,18,3.0
10,1,19,12.0
10,1,20,4.5
10,1,21,1.5
10,1,22,4.5
10,1,23,1.875
10,1,24,9.0
10,1,25,3.0
10,1,26,6.0
10,1,27,4.5
10,1,28,4.5
10,1,29,10.5
10,1,30,9.0
10,1,31,4.5
10,1,32,7.5
10,1,33,9.0
10,1,34,1.5
10,1,35,4.5
10,1,36,6.0
10,1,37,10.5
10,1,38,7.5
10,1,39,7.5
10,1,40,12.0
10,1,41,15.0
10,1,42,4.5
10,1,43,10.5
10,1,44,4.5
10,1,45,6.0
10,1,46,3.0
10,1,47,9.0
10,1,48,3.0
10,1,49,9.0
10,1,50,4.5
10,2,1,7.5
10,2,2,4.5
10,2,3,9.0
10,2,4,3.0
10,2,5,4.5
10,2,6,7.5
10,2,7,4.5
10,2,8,1.5
10,2,9,7.5
10,2,10,12.0
10,2,11,7.5
10,2,12,4.5
10,2,13,0.375
10,2,14,7.5
10,2,15,1.875
10,2,16,9.0
10,2,17,9.0
10,2,18,3.0
10,2,19,6.0
10,2,20,3.0
10,2,21,4.5
10,2,22,1.5
10,2,23,1.875
10,2,24,1.5
10,2,25,4.5
10,2,26,12.0
10,2,27,9.0
10,2,28,12.0
10,2,29,7.5
10,2,30,9.0
10,2,31,6.0
10,2,32,4.5
10,2,33,4.5
10,2,34,1.5
10,2,35,10.5
10,2,36,4.5
10,2,37,4.5
10,2,38,7.5
10,2,39,7.5
10,2,40,13.5
10,2,41,15.0
10,2,42,4.5
10,2,43,6.0
10,2,44,9.0
10,2,45,9.0
10,2,46,6.0
10,2,47,6.0
10,2,48,6.0
10,2,49,4.5
10,2,50,4.5
10,3,1,6.0
10,3,2,6.0
10,3,3,6.0
10,3,4,6.0
10,3,5,3.0
10,3,6,4.5
10,3,7,4.5
10,3,8,1.5
10,3,9,6.0
10,3,10,12.0
10,3,11,7.5
10,3,12,4.5
10,3,13,6.0
10,3,14,6.0
10,3,15,1.125
10,3,16,4.5
10,3,17,10.5
10,3,18,9.0
10,3,19,9.0
10,3,20,4.5
10,3,21,1.875
10,3,22,9.0
10,3,23,1.5
10,3,24,15.0
10,3,25,4.5
10,3,26,4.5
10,3,27,7.5
10,3,28,3.0
10,3,29,10.5
10,3,30,6.0
10,3,31,6.0
10,3,32,10.5
10,3,33,3.0
10,3,34,1.5
10,3,35,9.0
10,3,36,4.5
10,3,37,13.5
10,3,38,6.0
10,3,39,3.0
10,3,40,12.0
10,3,41,10.5
10,3,42,7.5
10,3,43,6.0
10,3,44,9.0
10,3,45,6.0
10,3,46,1.5
10,3,47,7.5
10,3,48,1.5
10,3,49,4.5
10,3,50,3.0
10,4,1,3.0
10,4,2,6.0
10,4,3,6.0
10,4,4,6.0
10,4,5,3.0
10,4,6,10.5
10,4,7,4.5
10,4,8,6.0
10,4,9,4.5
10,4,10,12.0
10,4,11,9.0
10,4,12,3.0
10,4,13,2.625
10,4,14,7.5
10,4,15,1.5
10,4,16,9.0
10,4,17,4.5
10,4,18,4.5
10,4,19,6.0
10,4,20,4.5
10,4,21,1.5
10,4,22,3.0
10,4,23,2.25
10,4,24,10.5
10,4,25,3.0
10,4,26,15.0
10,4,27,16.5
10,4,28,7.5
10,4,29,12.0
10,4,30,12.0
10,4,31,3.0
10,4,32,4.5
10,4,33,1.5
10,4,34,1.5
10,4,35,7.5
10,4,36,7.5
10,4,37,6.0
10,4,38,6.0
10,4,39,6.0
10,4,40,6.0
10,4,41,9.0
10,4,42,4.5
10,4,43,9.0
10,4,44,18.0
10,4,45,3.0
10,4,46,4.5
10,4,47,3.0
10,4,48,4.5
10,4,49,7.5
10,4,50,9.0
10,5,1,7.5
10,5,2,4.5
10,5,3,6.0
10,5,4,7.5
10,5,5,1.5
10,5,6,7.5
10,5,7,4.5
10,5,8,4.5
10,5,9,6.0
10,5,10,7.5
10,5,11,4.5
10,5,12,12.0
10,5,13,1.5
10,5,14,6.0
10,5,15,0.0
10,5,16,9.0
10,5,17,4.5
10,5,18,4.5
10,5,19,1.5
10,5,20,2.25
10,5,21,6.0
10,5,22,3.0
10,5,23,3.0
10,5,24,10.5
10,5,25,4.5
10,5,26,6.0
10,5,27,9.0
10,5,28,6.0
10,5,29,12.0
10,5,30,4.5
10,5,31,3.0
10,5,32,10.5
10,5,33,10.5
10,5,34,3.0
10,5,35,7.5
10,5,36,3.0
10,5,37,6.0
10,5,38,4.5
10,5,39,7.5
10,5,40,9.0
10,5,41,6.0
10,5,42,6.0
10,5,43,1.5
10,5,44,12.0
10,5,45,6.0
10,5,46,3.0
10,5,47,10.5
10,5,48,6.0
10,5,49,3.75
10,5,50,6.0
10,6,1,6.0
10,6,2,6.0
10,6,3,3.0
10,6,4,9.0
10,6,5,4.5
10,6,6,9.0
10,6,7,6.0
10,6,8,3.0
10,6,9,3.0
10,6,10,6.0
10,6,11,4.5
10,6,12,10.5
10,6,13,1.5
10,6,14,6.0
10,6,15,0.375
10,6,16,9.0
10,6,17,3.0
10,6,18,7.5
10,6,19,4.5
10,6,20,7.5
10,6,21,4.5
10,6,22,4.5
10,6,23,3.75
10,6,24,10.5
10,6,25,1.5
10,6,26,12.0
10,6,27,10.5
10,6,28,6.0
10,6,29,4.5
10,6,30,7.5
10,6,31,4.5
10,6,32,4.5
10,6,33,3.0
10,6,34,4.5
10,6,35,10.5
10,6,36,6.0
10,6,37,9.0
10,6,38,9.0
10,6,39,7.5
10,6,40,9.0
10,6,41,9.0
10,6,42,6.75
10,6,43,4.5
10,6,44,6.0
10,6,45,4.5
10,6,46,3.0
10,6,47,10.5
10,6,48,6.0
10,6,49,6.0
10,6,50,3.0
11,0,1,9.0
11,0,2,3.0
11,0,3,6.0
11,0,4,6.0
11,0,5,3.0
11,0,6,6.0
11,0,7,6.0
11,0,8,7.5
11,0,9,4.5
11,0,10,4.5
11,0,11,10.5
11,0,12,3.0
11,0,13,1.125
11,0,14,4.5
11,0,15,3.375
11,0,16,4.5
11,0,17,7.5
11,0,18,4.5
11,0,19,7.5
11,0,20,4.5
11,0,21,0.0
11,0,22,1.5
11,0,23,0.75
11,0,24,3.0
11,0,25,1.5
11,0,26,9.0
11,0,27,10.5
11,0,28,3.0
11,0,29,7.5
11,0,30,9.0
11,0,31,7.5
11,0,32,9.0
11,0,33,6.0
11,0,34,4.5
11,0,35,10.5
11,0,36,4.5
11,0,37,7.5
11,0,38,4.5
11,0,39,6.0
11,0,40,12.0
11,0,41,9.0
11,0,42,3.0
11,0,43,7.5
11,0,44,12.0
11,0,45,4.5
11,0,46,7.5
11,0,47,7.5
11,0,48,3.0
11,0,49,7.5
11,0,50,7.5
11,1,1,6.0
11,1,2,6.0
11,1,3,7.5
11,1,4,3.0
11,1,5,3.375
11,1,6,12.0
11,1,7,4.5
11,1,8,3.0
11,1,9,0.0
11,1,10,4.5
11,1,11,7.5
11,1,12,10.5
11,1,13,1.875
11,1,14,6.0
11,1,15,3.0
11,1,16,7.5
11,1,17,1.5
11,1,18,6.0
11,1,19,7.5
11,1,20,4.5
11,1,21,1.5
11,1,22,4.5
11,1,23,2.25
11,1,24,10.5
11,1,25,4.5
11,1,26,9.0
11,1,27,15.0
11,1,28,6.0
11,1,29,9.0
11,1,30,3.0
11,1,31,4.5
11,1,32,7.5
11,1,33,9.0
11,1,34,3.0
11,1,35,9.0
11,1,36,6.0
11,1,37,3.0
11,1,38,6.0
11,1,39,6.0
11,1,40,4.5
11,1,41,6.0
11,1,42,4.5
11,1,43,4.5
11,1,44,15.0
11,1,45,7.5
11,1,46,7.5
11,1,47,6.0
11,1,48,6.0
11,1,49,4.5
11,1,50,4.5
11,2,1,3.0
11,2,2,0.0
11,2,3,7.5
11,2,4,0.0
11,2,5,4.5
11,2,6,1.5
11,2,7,3.0
11,2,8,6.0
11,2,9,7.5
11,2,10,9.0
11,2,11,4.5
11,2,12,4.5
11,2,13,2.625
11,2,14,4.5
11,2,15,6.0
11,2,16,7.5
11,2,17,7.5
11,2,18,4.5
11,2,19,4.5
11,2,20,4.5
11,2,21,1.5
11,2,22,3.0
11,2,23,2.25
11,2,24,7.5
11,2,25,4.5
11,2,26,9.0
11,2,27,6.0
11,2,28,3.0
11,2,29,3.0
11,2,30,3.0
11,2,31,3.0
11,2,32,7.5
11,2,33,3.0
11,2,34,2.25
11,2,35,12.0
11,2,36,6.0
11,2,37,7.5
11,2,38,9.0
11,2,39,7.5
11,2,40,3.0
11,2,41,6.0
11,2,42,1.5
11,2,43,6.0
11,2,44,13.5
11,2,45,3.0
11,2,46,7.5
11,2,47,9.0
11,2,48,6.0
11,2,49,6.0
11,2,50,9.0
11,3,1,6.0
11,3,2,3.0
11,3,3,4.5
11,3,4,4.5
11,3,5,3.0
11,3,6,6.0
11,3,7,4.5
11,3,8,6.0
11,3,9,3.0
11,3,10,6.0
11,3,11,6.0
11,3,12,4.5
11,3,13,1.5
11,3,14,6.0
11,3,15,1.5
11,3,16,10.5
11,3,17,9.0
11,3,18,9.0
11,3,19,4.5
11,3,20,4.5
11,3,21,4.5
11,3,22,1.5
11,3,23,1.875
11,3,24,7.5
11,3,25,1.5
11,3,26,10.5
11,3,27,3.0
11,3,28,10.5
11,3,29,7.5
11,3,30,6.0
11,3,31,1.5
11,3,32,6.0
11,3,33,16.5
11,3,34,3.0
11,3,35,10.5
11,3,36,12.0
11,3,37,6.0
11,3,38,9.0
11,3,39,6.0
11,3,40,10.5
11,3,41,4.5
11,3,42,1.5
11,3,43,3.0
11,3,44,18.0
11,3,45,3.0
11,3,46,3.0
11,3,47,6.0
11,3,48,6.0
11,3,49,4.5
11,3,50,4.5
11,4,1,7.5
11,4,2,4.5
11,4,3,3.0
11,4,4,4.5
11,4,5,6.0
11,4,6,6.0
11,4,7,7.5
11,4,8,6.0
11,4,9,4.5
11,4,10,6.0
11,4,11,6.0
11,4,12,4.5
11,4,13,3.0
11,4,14,3.0
11,4,15,3.0
11,4,16,7.5
11,4,17,7.5
11,4,18,4.5
11,4,19,12.0
11,4,20,3.0
11,4,21,3.0
11,4,22,6.0
11,4,23,2.625
11,4,24,6.0
11,4,25,3.0
11,4,26,16.5
11,4,27,12.0
11,4,28,4.5
11,4,29,6.0
11,4,30,9.0
11,4,31,7.5
11,4,32,9.0
11,4,33,1.5
11,4,34,4.5
11,4,35,12.0
11,4,36,4.5
11,4,37,6.0
11,4,38,4.5
11,4,39,9.0
11,4,40,19.5
11,4,41,13.5
11,4,42,4.5
11,4,43,3.0
11,4,44,12.0
11,4,45,4.5
11,4,46,6.0
11,4,47,4.5
11,4,48,4.5
11,4,49,6.0
11,4,50,3.0
11,5,1,9.0
11,5,2,4.5
11,5,3,4.5
11,5,4,3.0
11,5,5,3.0
11,5,6,9.0
11,5,7,3.0
11,5,8,6.0
11,5,9,4.5
11,5,10,6.0
11,5,11,7.5
11,5,12,6.0
11,5,13,3.0
11,5,14,3.0
11,5,15,2.25
11,5,16,4.5
11,5,17,6.0
11,5,18,3.0
11,5,19,6.0
11,5,20,1.5
11,5,21,1.5
11,5,22,1.5
11,5,23,2.25
11,5,24,10.5
11,5,25,1.5
11,5,26,7.5
11,5,27,13.5
11,5,28,1.5
11,5,29,13.5
11,5,30,4.5
11,5,31,3.0
11,5,32,6.0
11,5,33,4.5
11,5,34,1.875
11,5,35,6.0
11,5,36,4.5
11,5,37,9.0
11,5,38,3.0
11,5,39,3.0
11,5,40,9.0
11,5,41,6.0
11,5,42,6.0
11,5,43,4.5
11,5,44,9.0
11,5,45,7.5
11,5,46,7.5
11,5,47,6.0
11,5,48,10.5
11,5,49,4.5
11,5,50,9.0
11,6,1,9.0
11,6,2,4.5
11,6,3,6.0
11,6,4,6.0
11,6,5,7.5
11,6,6,9.0
11,6,7,1.5
11,6,8,3.0
11,6,9,6.0
11,6,10,1.5
11,6,11,9.0
11,6,12,1.5
11,6,13,2.625
11,6,14,3.0
11,6,15,1.5
11,6,16,6.0
11,6,17,4.5
11,6,18,4.5
11,6,19,6.0
11,6,20,2.25
11,6,21,6.0
11,6,22,6.0
11,6,23,3.0
11,6,24,6.0
11,6,25,1.875
11,6,26,7.5
11,6,27,16.5
11,6,28,3.0
11,6,29,15.0
11,6,30,4.5
11,6,31,3.0
11,6,32,6.0
11,6,33,7.5
11,6,34,1.5
11,6,35,6.0
11,6,36,10.5
11,6,37,7.5
11,6,38,4.5
11,6,39,9.0
11,6,40,6.0
11,6,41,7.5
11,6,42,4.5
11,6,43,3.0
11,6,44,10.5
11,6,45,6.0
11,6,46,1.5
11,6,47,7.5
11,6,48,4.5
11,6,49,6.0
11,6,50,6.0
12,0,1,6.0
12,0,2,4.5
12,0,3,6.0
12,0,4,3.0
12,0,5,1.5
12,0,6,4.5
12,0,7,4.5
12,0,8,4.5
12,0,9,6.0
12,0,10,4.5
12,0,11,3.0
12,0,12,6.0
12,0,13,1.875
12,0,14,4.5
12,0,15,1.5
12,0,16,3.0
12,0,17,7.5
12,0,18,6.0
12,0,19,3.0
12,0,20,3.0
12,0,21,1.5
12,0,22,3.0
12,0,23,1.125
12,0,24,4.5
12,0,25,3.0
12,0,26,6.0
12,0,27,10.5
12,0,28,3.0
12,0,29,10.5
12,0,30,4.5
12,0,31,3.0
12,0,32,6.0
12,0,33,9.0
12,0,34,3.375
12,0,35,4.5
12,0,36,3.0
12,0,37,9.0
12,0,38,4.5
12,0,39,7.5
12,0,40,6.0
12,0,41,4.5
12,0,42,1.875
12,0,43,4.5
12,0,44,15.0
12,0,45,6.0
12,0,46,3.0
12,0,47,4.5
12,0,48,3.0
12,0,49,4.5
12,0,50,6.0
12,1,1,4.5
12,1,2,3.0
12,1,3,3.0
12,1,4,6.0
12,1,5,3.0
12,1,6,6.0
12,1,7,3.0
12,1,8,3.0
12,1,9,3.0
12,1,10,7.5
12,1,11,1.5
12,1,12,4.5
12,1,13,3.0
12,1,14,6.0
12,1,15,1.5
12,1,16,4.5
12,1,17,6.0
12,1,18,4.5
12,1,19,3.0
12,1,20,4.5
12,1,21,3.75
12,1,22,7.5
12,1,23,1.125
12,1,24,10.5
12,1,25,3.375
12,1,26,6.0
12,1,27,12.0
12,1,28,6.0
12,1,29,7.5
12,1,30,6.0
12,1,31,3.0
12,1,32,3.0
12,1,33,4.5
12,1,34,1.5
12,1,35,9.0
12,1,36,4.5
12,1,37,9.0
12,1,38,4.5
12,1,39,6.0
12,1,40,15.0
12,1,41,12.0
12,1,42,7.5
12,1,43,4.5
12,1,44,19.5
12,1,45,3.0
12,1,46,4.5
12,1,47,10.5
12,1,48,13.5
12,1,49,3.0
12,1,50,9.0
12,2,1,9.0
12,2,2,4.5
12,2,3,4.5
12,2,4,7.5
12,2,5,1.5
12,2,6,10.5
12,2,7,3.0
12,2,8,6.0
12,2,9,3.0
12,2,10,6.0
12,2,11,4.5
12,2,12,7.5
12,2,13,1.125
12,2,14,3.0
12,2,15,3.0
12,2,16,9.0
12,2,17,12.0
12,2,18,1.5
12,2,19,3.0
12,2,20,2.25
12,2,21,3.0
12,2,22,4.5
12,2,23,1.125
12,2,24,9.0
12,2,25,3.0
12,2,26,6.0
12,2,27,4.5
12,2,28,10.5
12,2,29,9.0
12,2,30,9.0
12,2,31,7.5
12,2,32,6.0
12,2,33,10.5
12,2,34,1.875
12,2,35,7.5
12,2,36,4.5
12,2,37,6.0
12,2,38,7.5
12,2,39,9.0
12,2,40,15.0
12,2,41,15.0
12,2,42,3.0
12,2,43,4.5
12,2,44,15.0
12,2,45,13.5
12,2,46,6.0
12,2,47,9.0
12,2,48,9.0
12,2,49,4.5
12,2,50,9.0
12,3,1,4.5
12,3,2,1.5
12,3,3,6.0
12,3,4,6.0
12,3,5,4.5
12,3,6,6.0
12,3,7,4.5
12,3,8,1.5
12,3,9,3.0
12,3,10,12.0
12,3,11,6.0
12,3,12,10.5
12,3,13,3.0
12,3,14,6.0
12,3,15,1.5
12,3,16,4.5
12,3,17,6.0
12,3,18,3.0
12,3,19,9.0
12,3,20,1.5
12,3,21,6.75
12,3,22,3.0
12,3,23,1.125
12,3,24,9.0
12,3,25,3.0
12,3,26,6.0
12,3,27,12.0
12,3,28,6.0
12,3,29,6.0
12,3,30,6.0
12,3,31,7.5
12,3,32,7.5
12,3,33,7.5
12,3,34,1.5
12,3,35,3.0
12,3,36,4.5
12,3,37,6.0
12,3,38,9.0
12,3,39,6.0
12,3,40,9.0
12,3,41,7.5
12,3,42,4.5
12,3,43,7.5
12,3,44,15.0
12,3,45,4.5
12,3,46,6.0
12,3,47,3.0
12,3,48,4.5
12,3,49,6.0
12,3,50,6.0
12,4,1,4.5
12,4,2,4.5
12,4,3,4.5
12,4,4,4.5
12,4,5,0.0
12,4,6,7.5
12,4,7,7.5
12,4,8,6.0
12,4,9,4.5
12,4,10,12.0
12,4,11,7.5
12,4,12,4.5
12,4,13,3.375
12,4,14,4.5
12,4,15,2.25
12,4,16,1.5
12,4,17,9.0
12,4,18,3.0
12,4,19,7.5
12,4,20,1.5
12,4,21,3.0
12,4,22,4.5
12,4,23,0.75
12,4,24,4.5
12,4,25,6.375
12,4,26,6.0
12,4,27,6.0
12,4,28,10.5
12,4,29,13.5
12,4,30,4.5
12,4,31,3.0
12,4,32,7.5
12,4,33,10.5
12,4,34,1.5
12,4,35,19.5
12,4,36,3.0
12,4,37,9.0
12,4,38,13.5
12,4,39,7.5
12,4,40,19.5
12,4,41,13.5
12,4,42,6.0
12,4,43,3.0
12,4,44,13.5
12,4,45,9.0
12,4,46,7.5
12,4,47,7.5
12,4,48,9.0
12,4,49,6.0
12,4,50,1.5
12,5,1,3.0
12,5,2,7.5
12,5,3,6.0
12,5,4,6.0
12,5,5,1.5
12,5,6,3.0
12,5,7,4.5
12,5,8,3.0
12,5,9,6.0
12,5,10,9.0
12,5,11,1.5
12,5,12,4.5
12,5,13,1.5
12,5,14,3.0
12,5,15,1.5
12,5,16,10.5
12,5,17,10.5
12,5,18,6.0
12,5,19,4.5
12,5,20,3.0
12,5,21,1.5
12,5,22,4.5
12,5,23,3.0
12,5,24,4.5
12,5,25,4.5
12,5,26,9.0
12,5,27,9.0
12,5,28,3.0
12,5,29,6.0
12,5,30,12.0
12,5,31,4.5
12,5,32,4.5
12,5,33,3.0
12,5,34,1.5
12,5,35,3.0
12,5,36,4.5
12,5,37,4.5
12,5,38,6.0
12,5,39,1.5
12,5,40,3.0
12,5,41,6.0
12,5,42,4.5
12,5,43,3.0
12,5,44,9.0
12,5,45,6.0
12,5,46,3.0
12,5,47,9.0
12,5,48,4.5
12,5,49,3.0
12,5,50,9.0
12,6,1,4.5
12,6,2,3.0
12,6,3,4.5
12,6,4,6.0
12,6,5,1.5
12,6,6,7.5
12,6,7,4.5
12,6,8,1.5
12,6,9,3.0
12,6,10,6.0
12,6,11,4.5
12,6,12,7.5
12,6,13,0.0
12,6,14,4.5
12,6,15,2.25
12,6,16,3.0
12,6,17,3.0
12,6,18,3.0
12,6,19,7.5
12,6,20,1.5
12,6,21,4.5
12,6,22,1.5
12,6,23,1.5
12,6,24,9.0
12,6,25,4.5
12,6,26,6.0
12,6,27,10.5
12,6,28,7.5
12,6,29,16.5
12,6,30,6.0
12,6,31,7.5
12,6,32,10.5
12,6,33,7.5
12,6,34,4.5
12,6,35,13.5
12,6,36,3.0
12,6,37,7.5
12,6,38,4.5
12,6,39,9.0
12,6,40,12.0
12,6,41,4.5
12,6,42,7.5
12,6,43,4.5
12,6,44,7.5
12,6,45,9.0
12,6,46,6.0
12,6,47,9.0
12,6,48,10.5
12,6,49,4.5
12,6,50,3.0
13,0,1,6.0
13,0,2,3.0
13,0,3,3.0
13,0,4,4.5
13,0,5,4.5
13,0,6,7.5
13,0,7,4.5
13,0,8,7.5
13,0,9,1.5
13,0,10,1.5
13,0,11,6.0
13,0,12,4.5
13,0,13,4.5
13,0,14,4.5
13,0,15,1.5
13,0,16,10.5
13,0,17,6.0
13,0,18,6.0
13,0,19,3.0
13,0,20,3.0
13,0,21,4.5
13,0,22,4.5
13,0,23,1.5
13,0,24,6.0
13,0,25,1.5
13,0,26,6.0
13,0,27,13.5
13,0,28,6.0
13,0,29,9.0
13,0,30,4.5
13,0,31,3.0
13,0,32,9.0
13,0,33,6.0
13,0,34,1.5
13,0,35,10.5
13,0,36,10.5
13,0,37,6.0
13,0,38,10.5
13,0,39,7.5
13,0,40,7.5
13,0,41,9.0
13,0,42,0.0
13,0,43,4.5
13,0,44,10.5
13,0,45,6.0
13,0,46,6.0
13,0,47,7.5
13,0,48,6.0
13,0,49,9.0
13,0,50,7.5
13,1,1,4.5
13,1,2,3.0
13,1,3,6.0
13,1,4,4.5
13,1,5,3.0
13,1,6,6.0
13,1,7,1.5
13,1,8,4.5
13,1,9,3.0
13,1,10,6.0
13,1,11,6.0
13,1,12,3.0
13,1,13,3.0
13,1,14,4.5
13,1,15,2.25
13,1,16,4.5
13,1,17,6.0
13,1,18,7.5
13,1,19,9.0
13,1,20,4.5
13,1,21,4.5
13,1,22,6.0
13,1,23,1.875
13,1,24,9.0
13,1,25,6.0
13,1,26,4.5
13,1,27,10.5
13,1,28,12.0
13,1,29,4.5
13,1,30,6.0
13,1,31,3.0
13,1,32,6.0
13,1,33,9.0
13,1,34,3.0
13,1,35,9.0
13,1,36,9.0
13,1,37,10.5
13,1,38,6.0
13,1,39,7.5
13,1,40,9.0
13,1,41,9.0
13,1,42,9.0
13,1,43,9.0
13,1,44,12.0
13,1,45,4.5
13,1,46,6.0
13,1,47,4.5
13,1,48,4.5
13,1,49,10.5
13,1,50,7.5
13,2,1,6.0
13,2,2,4.5
13,2,3,6.0
13,2,4,7.5
13,2,5,1.5
13,2,6,7.5
13,2,7,3.0
13,2,8,3.0
13,2,9,3.0
13,2,10,7.5
13,2,11,6.0
13,2,12,9.0
13,2,13,3.75
13,2,14,6.0
13,2,15,1.5
13,2,16,3.0
13,2,17,3.0
13,2,18,6.0
13,2,19,4.5
13,2,20,3.0
13,2,21,3.0
13,2,22,4.5
13,2,23,1.5
13,2,24,4.5
13,2,25,6.0
13,2,26,7.5
13,2,27,7.5
13,2,28,6.0
13,2,29,7.5
13,2,30,3.0
13,2,31,4.5
13,2,32,4.5
13,2,33,7.5
13,2,34,3.0
13,2,35,9.0
13,2,36,7.5
13,2,37,12.0
13,2,38,7.5
13,2,39,4.5
13,2,40,3.0
13,2,41,6.0
13,2,42,3.0
13,2,43,6.0
13,2,44,4.5
13,2,45,6.0
13,2,46,7.5
13,2,47,3.0
13,2,48,1.5
13,2,49,7.5
13,2,50,6.0
13,3,1,3.0
13,3,2,4.5
13,3,3,1.5
13,3,4,4.5
13,3,5,0.0
13,3,6,4.5
13,3,7,3.0
13,3,8,4.5
13,3,9,4.5
13,3,10,9.0
13,3,11,6.0
13,3,12,9.0
13,3,13,0.75
13,3,14,3.0
13,3,15,1.5
13,3,16,7.5
13,3,17,6.0
13,3,18,6.0
13,3,19,4.5
13,3,20,3.0
13,3,21,4.5
13,3,22,3.0
13,3,23,2.25
13,3,24,9.0
13,3,25,6.0
13,3,26,12.0
13,3,27,4.5
13,3,28,10.5
13,3,29,9.0
13,3,30,1.5
13,3,31,4.5
13,3,32,3.0
13,3,33,3.0
13,3,34,1.5
13,3,35,13.5
13,3,36,7.5
13,3,37,9.0
13,3,38,7.5
13,3,39,9.0
13,3,40,7.5
13,3,41,7.5
13,3,42,4.5
13,3,43,3.0
13,3,44,15.0
13,3,45,6.0
13,3,46,3.0
13,3,47,3.0
13,3,48,4.5
13,3,49,6.0
13,3,50,7.5
13,4,1,6.0
13,4,2,3.0
13,4,3,6.0
13,4,4,1.5
13,4,5,4.5
13,4,6,4.5
13,4,7,4.5
13,4,8,6.0
13,4,9,6.0
13,4,10,4.5
13,4,11,6.0
13,4,12,3.0
13,4,13,1.5
13,4,14,4.5
13,4,15,3.0
13,4,16,3.0
13,4,17,4.5
13,4,18,3.0
13,4,19,1.5
13,4,20,3.0
13,4,21,3.0
13,4,22,3.0
13,4,23,4.5
13,4,24,3.0
13,4,25,4.5
13,4,26,9.0
13,4,27,7.5
13,4,28,7.5
13,4,29,4.5
13,4,30,3.0
13,4,31,6.0
13,4,32,4.5
13,4,33,4.5
13,4,34,2.25
13,4,35,7.5
13,4,36,6.0
13,4,37,10.5
13,4,38,7.5
13,4,39,6.0
13,4,40,6.0
13,4,41,10.5
13,4,42,6.0
13,4,43,9.0
13,4,44,12.0
13,4,45,3.0
13,4,46,1.5
13,4,47,3.0
13,4,48,3.0
13,4,49,6.0
13,4,50,4.5
13,5,1,9.0
13,5,2,4.5
13,5,3,3.0
13,5,4,7.5
13,5,5,3.0
13,5,6,6.0
13,5,7,9.0
13,5,8,7.5
13,5,9,3.0
13,5,10,3.0
13,5,11,4.5
13,5,12,6.0
13,5,13,4.125
13,5,14,9.0
13,5,15,3.0
13,5,16,4.5
13,5,17,6.0
13,5,18,4.5
13,5,19,4.5
13,5,20,3.0
13,5,21,4.5
13,5,22,1.5
13,5,23,0.75
13,5,24,6.0
13,5,25,3.75
13,5,26,4.5
13,5,27,9.0
13,5,28,1.5
13,5,29,7.5
13,5,30,6.0
13,5,31,4.5
13,5,32,3.0
13,5,33,7.5
13,5,34,2.25
13,5,35,7.5
13,5,36,4.5
13,5,37,6.0
13,5,38,6.0
13,5,39,3.0
13,5,40,6.0
13,5,41,7.5
13,5,42,6.0
13,5,43,4.5
13,5,44,10.5
13,5,45,6.0
13,5,46,6.0
13,5,47,10.5
13,5,48,7.5
13,5,49,7.5
13,5,50,4.5
13,6,1,10.5
13,6,2,4.5
13,6,3,1.5
13,6,4,4.5
13,6,5,3.0
13,6,6,3.0
13,6,7,7.5
13,6,8,3.0
13,6,9,0.0
13,6,10,4.5
13,6,11,4.5
13,6,12,7.5
13,6,13,3.75
13,6,14,7.5
13,6,15,1.5
13,6,16,3.0
13,6,17,10.5
13,6,18,4.5
13,6,19,4.5
13,6,20,6.0
13,6,21,1.5
13,6,22,1.5
13,6,23,3.0
13,6,24,7.5
13,6,25,3.0
13,6,26,6.0
13,6,27,4.5
13,6,28,3.0
13,6,29,12.0
13,6,30,0.0
13,6,31,3.0
13,6,32,1.5
13,6,33,6.0
13,6,34,3.0
13,6,35,4.5
13,6,36,7.5
13,6,37,4.5
13,6,38,4.5
13,6,39,3.0
13,6,40,6.0
13,6,41,3.0
13,6,42,1.5
13,6,43,6.0
13,6,44,4.5
13,6,45,10.5
13,6,46,3.0
13,6,47,12.0
13,6,48,10.5
13,6,49,4.5
13,6,50,4.5
14,0,1,3.0
14,0,2,6.0
14,0,3,6.0
14,0,4,6.0
14,0,5,1.5
14,0,6,3.0
14,0,7,4.5
14,0,8,4.5
14,0,9,6.0
14,0,10,0.0
14,0,11,3.0
14,0,12,4.5
14,0,13,1.5
14,0,14,3.0
14,0,15,0.75
14,0,16,7.5
14,0,17,7.5
14,0,18,12.0
14,0,19,3.0
14,0,20,4.5
14,0,21,3.0
14,0,22,9.0
14,0,23,0.75
14,0,24,6.0
14,0,25,3.0
14,0,26,13.5
14,0,27,12.0
14,0,28,6.0
14,0,29,10.5
14,0,30,7.5
14,0,31,4.5
14,0,32,4.5
14,0,33,3.0
14,0,34,1.875
14,0,35,10.5
14,0,36,7.5
14,0,37,6.0
14,0,38,4.5
14,0,39,4.5
14,0,40,6.0
14,0,41,7.5
14,0,42,3.0
14,0,43,4.5
14,0,44,18.0
14,0,45,9.0
14,0,46,1.5
14,0,47,4.5
14,0,48,6.0
14,0,49,6.0
14,0,50,9.0
14,1,1,4.5
14,1,2,6.0
14,1,3,3.0
14,1,4,7.5
14,1,5,1.5
14,1,6,3.0
14,1,7,1.5
14,1,8,4.5
14,1,9,7.5
14,1,10,3.0
14,1,11,7.5
14,1,12,4.5
14,1,13,3.0
14,1,14,3.0
14,1,15,1.5
14,1,16,6.0
14,1,17,4.5
14,1,18,6.0
14,1,19,9.0
14,1,20,4.5
14,1,21,4.5
14,1,22,7.5
14,1,23,1.875
14,1,24,10.5
14,1,25,3.0
14,1,26,13.5
14,1,27,15.0
14,1,28,4.5
14,1,29,10.5
14,1,30,6.0
14,1,31,3.75
14,1,32,4.5
14,1,33,9.0
14,1,34,3.0
14,1,35,7.5
14,1,36,4.5
14,1,37,9.0
14,1,38,4.5
14,1,39,6.0
14,1,40,10.5
14,1,41,7.5
14,1,42,4.5
14,1,43,9.0
14,1,44,13.5
14,1,45,10.5
14,1,46,9.0
14,1,47,15.0
14,1,48,10.5
14,1,49,6.0
14,1,50,9.0
14,2,1,6.0
14,2,2,6.0
14,2,3,6.0
14,2,4,6.0
14,2,5,1.875
14,2,6,6.0
14,2,7,3.0
14,2,8,3.0
14,2,9,4.5
14,2,10,4.5
14,2,11,4.5
14,2,12,10.5
14,2,13,3.0
14,2,14,4.5
14,2,15,2.25
14,2,16,4.5
14,2,17,6.0
14,2,18,9.0
14,2,19,7.5
14,2,20,4.5
14,2,21,3.0
14,2,22,3.0
14,2,23,1.5
14,2,24,12.0
14,2,25,1.5
14,2,26,9.0
14,2,27,6.0
14,2,28,6.0
14,2,29,7.5
14,2,30,3.0
14,2,31,7.5
14,2,32,3.0
14,2,33,9.0
14,2,34,4.5
14,2,35,9.0
14,2,36,4.5
14,2,37,4.5
14,2,38,3.0
14,2,39,6.0
14,2,40,10.5
14,2,41,10.5
14,2,42,4.5
14,2,43,7.5
14,2,44,10.5
14,2,45,6.0
14,2,46,4.5
14,2,47,3.0
14,2,48,6.0
14,2,49,10.5
14,2,50,1.5
14,3,1,7.5
14,3,2,4.5
14,3,3,7.5
14,3,4,6.0
14,3,5,4.5
14,3,6,6.0
14,3,7,7.5
14,3,8,6.0
14,3,9,7.5
14,3,10,6.0
14,3,11,9.0
14,3,12,7.5
14,3,13,1.875
14,3,14,9.0
14,3,15,0.75
14,3,16,9.0
14,3,17,3.0
14,3,18,4.5
14,3,19,9.0
14,3,20,3.0
14,3,21,2.25
14,3,22,7.5
14,3,23,1.5
14,3,24,3.0
14,3,25,2.625
14,3,26,7.5
14,3,27,12.0
14,3,28,7.5
14,3,29,9.0
14,3,30,6.0
14,3,31,6.0
14,3,32,4.5
14,3,33,4.5
14,3,34,3.0
14,3,35,15.0
14,3,36,3.0
14,3,37,10.5
14,3,38,7.5
14,3,39,6.0
14,3,40,12.0
14,3,41,12.0
14,3,42,3.0
14,3,43,7.5
14,3,44,15.0
14,3,45,6.0
14,3,46,6.0
14,3,47,7.5
14,3,48,4.5
14,3,49,3.0
14,3,50,4.5
14,4,1,6.0
14,4,2,4.5
14,4,3,9.0
14,4,4,3.0
14,4,5,3.375
14,4,6,12.0
14,4,7,7.5
14,4,8,3.0
14,4,9,7.5
14,4,10,10.5
14,4,11,9.0
14,4,12,10.5
14,4,13,3.375
14,4,14,7.5
14,4,15,1.5
14,4,16,7.5
14,4,17,3.0
14,4,18,4.5
14,4,19,4.5
14,4,20,6.0
14,4,21,3.0
14,4,22,4.5
14,4,23,2.25
14,4,24,9.0
14,4,25,7.5
14,4,26,4.5
14,4,27,6.0
14,4,28,7.5
14,4,29,6.0
14,4,30,7.5
14,4,31,6.0
14,4,32,13.5
14,4,33,10.5
14,4,34,3.0
14,4,35,7.5
14,4,36,7.5
14,4,37,7.5
14,4,38,7.5
14,4,39,6.0
14,4,40,12.0
14,4,41,9.0
14,4,42,1.5
14,4,43,7.5
14,4,44,13.5
14,4,45,9.0
14,4,46,4.5
14,4,47,10.5
14,4,48,9.0
14,4,49,9.0
14,4,50,10.5
14,5,1,6.0
14,5,2,1.5
14,5,3,3.0
14,5,4,4.5
14,5,5,3.0
14,5,6,6.0
14,5,7,4.5
14,5,8,6.0
14,5,9,1.5
14,5,10,7.5
14,5,11,4.5
14,5,12,3.0
14,5,13,3.0
14,5,14,9.0
14,5,15,1.5
14,5,16,6.0
14,5,17,4.5
14,5,18,6.0
14,5,19,9.0
14,5,20,6.0
14,5,21,1.5
14,5,22,3.0
14,5,23,3.0
14,5,24,4.5
14,5,25,3.375
14,5,26,6.0
14,5,27,3.0
14,5,28,4.5
14,5,29,4.5
14,5,30,6.0
14,5,31,3.0
14,5,32,6.0
14,5,33,9.0
14,5,34,1.5
14,5,35,9.0
14,5,36,9.0
14,5,37,10.5
14,5,38,6.0
14,5,39,9.0
14,5,40,4.5
14,5,41,3.0
14,5,42,4.5
14,5,43,3.0
14,5,44,22.5
14,5,45,4.5
14,5,46,9.0
14,5,47,1.5
14,5,48,6.0
14,5,49,4.5
14,5,50,7.5
14,6,1,7.5
14,6,2,5.625
14,6,3,3.0
14,6,4,6.0
14,6,5,4.5
14,6,6,6.0
14,6,7,3.0
14,6,8,4.5
14,6,9,3.0
14,6,10,4.5
14,6,11,4.5
14,6,12,3.0
14,6,13,3.0
14,6,14,4.5
14,6,15,1.5
14,6,16,4.5
14,6,17,7.5
14,6,18,3.0
14,6,19,4.5
14,6,20,4.5
14,6,21,3.0
14,6,22,4.5
14,6,23,1.5
14,6,24,6.0
14,6,25,4.5
14,6,26,13.5
14,6,27,9.0
14,6,28,7.5
14,6,29,6.0
14,6,30,6.0
14,6,31,4.5
14,6,32,6.0
14,6,33,6.0
14,6,34,3.0
14,6,35,13.5
14,6,36,6.0
14,6,37,3.0
14,6,38,10.5
14,6,39,7.5
14,6,40,9.0
14,6,41,9.0
14,6,42,1.5
14,6,43,4.5
14,6,44,21.0
14,6,45,7.5
14,6,46,6.0
14,6,47,9.0
14,6,48,9.0
14,6,49,4.5
14,6,50,6.0
15,0,1,3.0
15,0,2,4.5
15,0,3,4.5
15,0,4,7.5
15,0,5,4.5
15,0,6,6.0
15,0,7,6.0
15,0,8,10.5
15,0,9,4.5
15,0,10,7.5
15,0,11,4.5
15,0,12,7.5
15,0,13,3.0
15,0,14,4.5
15,0,15,0.0
15,0,16,3.0
15,0,17,12.0
15,0,18,1.5
15,0,19,7.5
15,0,20,7.5
15,0,21,4.5
15,0,22,1.5
15,0,23,0.75
15,0,24,1.5
15,0,25,4.875
15,0,26,3.0
15,0,27,9.0
15,0,28,4.5
15,0,29,7.5
15,0,30,6.0
15,0,31,6.0
15,0,32,6.0
15,0,33,3.0
15,0,34,3.0
15,0,35,7.5
15,0,36,3.0
15,0,37,6.0
15,0,38,3.0
15,0,39,4.5
15,0,40,4.5
15,0,41,9.0
15,0,42,3.0
15,0,43,7.5
15,0,44,13.5
15,0,45,4.5
15,0,46,6.0
15,0,47,6.0
15,0,48,7.5
15,0,49,7.5
15,0,50,7.5
15,1,1,7.5
15,1,2,3.0
15,1,3,10.5
15,1,4,1.5
15,1,5,1.5
15,1,6,4.5
15,1,7,4.5
15,1,8,6.0
15,1,9,4.5
15,1,10,6.0
15,1,11,6.0
15,1,12,6.0
15,1,13,2.25
15,1,14,6.0
15,1,15,2.25
15,1,16,4.5
15,1,17,1.5
15,1,18,6.0
15,1,19,12.0
15,1,20,4.5
15,1,21,1.5
15,1,22,7.5
15,1,23,3.0
15,1,24,3.0
15,1,25,3.0
15,1,26,7.5
15,1,27,3.0
15,1,28,9.0
15,1,29,10.5
15,1,30,16.5
15,1,31,4.5
15,1,32,9.0
15,1,33,7.5
15,1,34,4.5
15,1,35,13.5
15,1,36,3.0
15,1,37,9.0
15,1,38,7.5
15,1,39,7.5
15,1,40,9.0
15,1,41,9.0
15,1,42,7.5
15,1,43,7.5
15,1,44,12.0
15,1,45,7.5
15,1,46,6.0
15,1,47,7.5
15,1,48,7.5
15,1,49,7.5
15,1,50,4.5
15,2,1,9.0
15,2,2,9.0
15,2,3,7.5
15,2,4,3.0
15,2,5,1.5
15,2,6,7.5
15,2,7,7.5
15,2,8,3.0
15,2,9,3.0
15,2,10,3.0
15,2,11,4.5
15,2,12,12.0
15,2,13,3.0
15,2,14,9.0
15,2,15,1.875
15,2,16,6.0
15,2,17,4.5
15,2,18,10.5
15,2,19,4.5
15,2,20,3.0
15,2,21,3.0
15,2,22,4.5
15,2,23,0.375
15,2,24,6.0
15,2,25,4.5
15,2,26,19.5
15,2,27,13.5
15,2,28,12.0
15,2,29,7.5
15,2,30,6.0
15,2,31,4.5
15,2,32,6.0
15,2,33,9.0
15,2,34,1.875
15,2,35,3.0
15,2,36,4.5
15,2,37,6.0
15,2,38,7.5
15,2,39,6.0
15,2,40,9.0
15,2,41,12.0
15,2,42,4.5
15,2,43,6.0
15,2,44,13.5
15,2,45,7.5
15,2,46,6.0
15,2,47,9.0
15,2,48,4.5
15,2,49,10.5
15,2,50,3.0
15,3,1,4.5
15,3,2,4.5
15,3,3,4.5
15,3,4,4.5
15,3,5,3.0
15,3,6,7.5
15,3,7,4.5
15,3,8,3.0
15,3,9,4.5
15,3,10,6.0
15,3,11,1.5
15,3,12,6.0
15,3,13,3.0
15,3,14,7.5
15,3,15,1.5
15,3,16,7.5
15,3,17,7.5
15,3,18,3.0
15,3,19,6.0
15,3,20,4.5
15,3,21,1.5
15,3,22,4.5
15,3,23,1.875
15,3,24,9.0
15,3,25,6.0
15,3,26,15.0
15,3,27,16.5
15,3,28,10.5
15,3,29,12.0
15,3,30,13.5
15,3,31,4.5
15,3,32,7.5
15,3,33,6.0
15,3,34,1.5
15,3,35,6.0
15,3,36,6.0
15,3,37,3.0
15,3,38,9.0
15,3,39,9.0
15,3,40,7.5
15,3,41,9.0
15,3,42,6.0
15,3,43,3.0
15,3,44,10.5
15,3,45,16.5
15,3,46,4.5
15,3,47,9.0
15,3,48,10.5
15,3,49,7.5
15,3,50,6.0
15,4,1,6.0
15,4,2,6.0
15,4,3,7.5
15,4,4,4.5
15,4,5,4.5
15,4,6,6.0
15,4,7,4.5
15,4,8,7.5
15,4,9,3.0
15,4,10,3.0
15,4,11,6.0
15,4,12,6.0
15,4,13,3.0
15,4,14,6.0
15,4,15,1.5
15,4,16,4.5
15,4,17,6.0
15,4,18,9.0
15,4,19,4.5
15,4,20,6.0
15,4,21,4.5
15,4,22,4.5
15,4,23,1.5
15,4,24,6.0
15,4,25,3.0
15,4,26,7.5
15,4,27,9.0
15,4,28,7.5
15,4,29,7.5
15,4,30,4.5
15,4,31,3.0
15,4,32,7.5
15,4,33,10.5
15,4,34,3.0
15,4,35,4.5
15,4,36,3.0
15,4,37,9.0
15,4,38,1.5
15,4,39,3.0
15,4,40,15.0
15,4,41,9.0
15,4,42,3.0
15,4,43,4.5
15,4,44,10.5
15,4,45,10.5
15,4,46,6.0
15,4,47,6.0
15,4,48,13.5
15,4,49,4.5
15,4,50,9.0
15,5,1,4.5
15,5,2,4.5
15,5,3,4.5
15,5,4,6.0
15,5,5,3.0
15,5,6,6.0
15,5,7,7.5
15,5,8,1.5
15,5,9,3.0
15,5,10,3.0
15,5,11,7.5
15,5,12,6.0
15,5,13,3.375
15,5,14,1.5
15,5,15,4.5
15,5,16,4.5
15,5,17,4.5
15,5,18,6.0
15,5,19,6.0
15,5,20,3.0
15,5,21,4.875
15,5,22,3.0
15,5,23,1.5
15,5,24,4.5
15,5,25,3.0
15,5,26,3.0
15,5,27,7.5
15,5,28,3.0
15,5,29,12.0
15,5,30,1.5
15,5,31,7.5
15,5,32,7.5
15,5,33,10.5
15,5,34,3.0
15,5,35,7.5
15,5,36,6.0
15,5,37,9.0
15,5,38,6.0
15,5,39,3.0
15,5,40,9.0
15,5,41,9.0
15,5,42,4.5
15,5,43,6.0
15,5,44,15.0
15,5,45,7.5
15,5,46,7.5
15,5,47,9.0
15,5,48,7.5
15,5,49,10.5
15,5,50,3.0
15,6,1,1.5
15,6,2,4.5
15,6,3,9.0
15,6,4,3.0
15,6,5,3.0
15,6,6,7.5
15,6,7,3.0
15,6,8,6.0
15,6,9,4.5
15,6,10,1.5
15,6,11,7.5
15,6,12,6.0
15,6,13,2.625
15,6,14,6.0
15,6,15,0.0
15,6,16,4.5
15,6,17,6.0
15,6,18,9.0
15,6,19,10.5
15,6,20,3.0
15,6,21,3.0
15,6,22,3.0
15,6,23,3.0
15,6,24,4.5
15,6,25,1.5
15,6,26,7.5
15,6,27,4.5
15,6,28,7.5
15,6,29,7.5
15,6,30,9.0
15,6,31,4.5
15,6,32,1.5
15,6,33,3.0
15,6,34,2.25
15,6,35,6.0
15,6,36,6.0
15,6,37,4.5
15,6,38,7.5
15,6,39,9.0
15,6,40,18.0
15,6,41,13.5
15,6,42,3.0
15,6,43,4.5
15,6,44,3.0
15,6,45,3.0
15,6,46,1.5
15,6,47,6.0
15,6,48,3.0
15,6,49,6.0
15,6,50,3.0
16,0,1,6.0
16,0,2,4.5
16,0,3,3.0
16,0,4,6.0
16,0,5,5.25
16,0,6,3.0
16,0,7,6.0
16,0,8,3.0
16,0,9,1.5
16,0,10,4.5
16,0,11,3.0
16,0,12,7.5
16,0,13,1.5
16,0,14,3.0
16,0,15,3.375
16,0,16,6.0
16,0,17,4.5
16,0,18,6.0
16,0,19,9.0
16,0,20,3.0
16,0,21,4.5
16,0,22,6.0
16,0,23,1.5
16,0,24,6.0
16,0,25,6.0
16,0,26,9.0
16,0,27,12.0
16,0,28,4.5
16,0,29,9.0
16,0,30,6.0
16,0,31,3.0
16,0,32,12.0
16,0,33,9.0
16,0,34,4.5
16,0,35,7.5
16,0,36,7.5
16,0,37,9.0
16,0,38,9.0
16,0,39,3.0
16,0,40,16.5
16,0,41,18.0
16,0,42,1.5
16,0,43,9.0
16,0,44,6.0
16,0,45,9.0
16,0,46,1.5
16,0,47,16.5
16,0,48,12.0
16,0,49,4.5
16,0,50,4.5
16,1,1,3.0
16,1,2,3.0
16,1,3,6.0
16,1,4,3.0
16,1,5,6.0
16,1,6,10.5
16,1,7,6.0
16,1,8,9.0
16,1,9,4.5
16,1,10,6.0
16,1,11,7.5
16,1,12,10.5
16,1,13,3.0
16,1,14,9.0
16,1,15,3.0
16,1,16,7.5
16,1,17,4.5
16,1,18,4.5
16,1,19,6.0
16,1,20,1.5
16,1,21,4.5
16,1,22,3.0
16,1,23,4.5
16,1,24,10.5
16,1,25,3.0
16,1,26,6.0
16,1,27,4.5
16,1,28,3.0
16,1,29,6.0
16,1,30,9.0
16,1,31,3.0
16,1,32,4.5
16,1,33,9.0
16,1,34,3.375
16,1,35,9.0
16,1,36,7.5
16,1,37,6.0
16,1,38,3.0
16,1,39,7.5
16,1,40,9.0
16,1,41,3.0
16,1,42,6.0
16,1,43,4.5
16,1,44,7.5
16,1,45,7.5
16,1,46,6.0
16,1,47,9.0
16,1,48,4.5
16,1,49,9.0
16,1,50,3.0
16,2,1,4.5
16,2,2,3.0
16,2,3,4.5
16,2,4,7.5
16,2,5,3.0
16,2,6,7.5
16,2,7,3.0
16,2,8,4.5
16,2,9,4.5
16,2,10,10.5
16,2,11,4.5
16,2,12,6.0
16,2,13,3.375
16,2,14,9.0
16,2,15,3.0
16,2,16,6.0
16,2,17,15.0
16,2,18,6.0
16,2,19,6.0
16,2,20,3.75
16,2,21,4.5
16,2,22,4.5
16,2,23,1.5
16,2,24,4.5
16,2,25,0.0
16,2,26,9.0
16,2,27,9.0
16,2,28,7.5
16,2,29,12.0
16,2,30,13.5
16,2,31,4.5
16,2,32,6.0
16,2,33,4.5
16,2,34,1.5
16,2,35,13.5
16,2,36,4.5
16,2,37,3.0
16,2,38,9.0
16,2,39,1.5
16,2,40,10.5
16,2,41,6.0
16,2,42,6.0
16,2,43,4.5
16,2,44,12.0
16,2,45,6.0
16,2,46,7.5
16,2,47,9.0
16,2,48,9.0
16,2,49,7.5
16,2,50,4.5
16,3,1,4.5
16,3,2,3.0
16,3,3,6.0
16,3,4,3.0
16,3,5,4.5
16,3,6,3.0
16,3,7,4.5
16,3,8,4.5
16,3,9,4.5
16,3,10,7.5
16,3,11,6.0
16,3,12,4.5
16,3,13,2.25
16,3,14,3.0
16,3,15,2.25
16,3,16,7.5
16,3,17,6.0
16,3,18,0.0
16,3,19,4.5
16,3,20,4.5
16,3,21,4.875
16,3,22,3.0
16,3,23,2.25
16,3,24,9.0
16,3,25,4.5
16,3,26,3.0
16,3,27,9.0
16,3,28,4.5
16,3,29,16.5
16,3,30,4.5
16,3,31,3.0
16,3,32,7.5
16,3,33,7.5
16,3,34,3.75
16,3,35,9.0
16,3,36,6.0
16,3,37,12.0
16,3,38,10.5
16,3,39,4.5
16,3,40,9.0
16,3,41,15.0
16,3,42,3.0
16,3,43,6.0
16,3,44,19.5
16,3,45,9.0
16,3,46,6.0
16,3,47,13.5
16,3,48,7.5
16,3,49,7.5
16,3,50,6.0
16,4,1,7.5
16,4,2,3.0
16,4,3,6.0
16,4,4,9.0
16,4,5,3.0
16,4,6,7.5
16,4,7,4.5
16,4,8,6.0
16,4,9,4.5
16,4,10,1.5
16,4,11,4.5
16,4,12,6.0
16,4,13,3.0
16,4,14,4.5
16,4,15,3.0
16,4,16,7.5
16,4,17,13.5
16,4,18,6.0
16,4,19,7.5
16,4,20,3.0
16,4,21,6.0
16,4,22,10.5
16,4,23,3.75
16,4,24,12.0
16,4,25,3.0
16,4,26,6.0
16,4,27,12.0
16,4,28,7.5
16,4,29,10.5
16,4,30,6.0
16,4,31,4.5
16,4,32,7.5
16,4,33,4.5
16,4,34,1.5
16,4,35,9.0
16,4,36,1.5
16,4,37,6.0
16,4,38,6.0
16,4,39,7.5
16,4,40,7.5
16,4,41,7.5
16,4,42,7.5
16,4,43,4.5
16,4,44,12.0
16,4,45,6.0
16,4,46,4.5
16,4,47,7.5
16,4,48,4.5
16,4,49,6.0
16,4,50,7.5
16,5,1,6.0
16,5,2,4.5
16,5,3,6.0
16,5,4,4.5
16,5,5,0.75
16,5,6,1.5
16,5,7,9.0
16,5,8,9.0
16,5,9,1.5
16,5,10,4.5
16,5,11,9.0
16,5,12,7.5
16,5,13,1.5
16,5,14,3.0
16,5,15,1.5
16,5,16,10.5
16,5,17,6.0
16,5,18,4.5
16,5,19,6.0
16,5,20,1.5
16,5,21,3.0
16,5,22,6.0
16,5,23,6.0
16,5,24,9.0
16,5,25,3.0
16,5,26,4.5
16,5,27,10.5
16,5,28,6.0
16,5,29,7.5
16,5,30,3.0
16,5,31,4.5
16,5,32,12.0
16,5,33,10.5
16,5,34,3.0
16,5,35,6.0
16,5,36,6.0
16,5,37,4.5
16,5,38,4.5
16,5,39,3.0
16,5,40,10.5
16,5,41,9.0
16,5,42,3.0
16,5,43,3.0
16,5,44,15.0
16,5,45,4.5
16,5,46,4.5
16,5,47,10.5
16,5,48,6.0
16,5,49,3.0
16,5,50,3.0
16,6,1,7.5
16,6,2,3.0
16,6,3,3.0
16,6,4,6.0
16,6,5,3.75
16,6,6,6.0
16,6,7,3.375
16,6,8,1.5
16,6,9,6.0
16,6,10,6.0
16,6,11,7.5
16,6,12,4.5
16,6,13,2.25
16,6,14,7.5
16,6,15,1.5
16,6,16,9.0
16,6,17,4.5
16,6,18,4.5
16,6,19,9.0
16,6,20,1.875
16,6,21,0.0
16,6,22,3.0
16,6,23,1.875
16,6,24,9.0
16,6,25,4.875
16,6,26,9.0
16,6,27,3.0
16,6,28,4.5
16,6,29,6.0
16,6,30,6.0
16,6,31,3.0
16,6,32,4.5
16,6,33,9.0
16,6,34,2.25
16,6,35,13.5
16,6,36,4.5
16,6,37,6.0
16,6,38,6.0
16,6,39,4.5
16,6,40,10.5
16,6,41,7.5
16,6,42,3.0
16,6,43,6.0
16,6,44,16.5
16,6,45,7.5
16,6,46,1.5
16,6,47,4.5
16,6,48,6.0
16,6,49,4.5
16,6,50,3.0
17,0,1,6.0
17,0,2,6.0
17,0,3,7.5
17,0,4,6.0
17,0,5,3.75
17,0,6,7.5
17,0,7,3.0
17,0,8,9.0
17,0,9,6.0
17,0,10,6.0
17,0,11,4.5
17,0,12,7.5
17,0,13,0.75
17,0,14,4.5
17,0,15,1.875
17,0,16,6.0
17,0,17,1.5
17,0,18,6.0
17,0,19,3.0
17,0,20,4.5
17,0,21,1.5
17,0,22,7.5
17,0,23,4.5
17,0,24,4.5
17,0,25,0.0
17,0,26,6.0
17,0,27,3.0
17,0,28,7.5
17,0,29,7.5
17,0,30,10.5
17,0,31,3.0
17,0,32,4.5
17,0,33,9.0
17,0,34,3.0
17,0,35,13.5
17,0,36,7.5
17,0,37,9.0
17,0,38,10.5
17,0,39,6.0
17,0,40,4.5
17,0,41,4.5
17,0,42,3.0
17,0,43,3.0
17,0,44,9.0
17,0,45,6.0
17,0,46,3.0
17,0,47,10.5
17,0,48,4.5
17,0,49,4.5
17,0,50,1.5
17,1,1,6.0
17,1,2,1.5
17,1,3,7.5
17,1,4,9.0
17,1,5,3.0
17,1,6,4.5
17,1,7,7.5
17,1,8,1.5
17,1,9,6.0
17,1,10,4.5
17,1,11,6.0
17,1,12,6.0
17,1,13,0.75
17,1,14,10.5
17,1,15,1.5
17,1,16,4.5
17,1,17,3.0
17,1,18,12.0
17,1,19,4.5
17,1,20,7.5
17,1,21,3.0
17,1,22,4.5
17,1,23,1.5
17,1,24,4.5
17,1,25,3.0
17,1,26,7.5
17,1,27,6.0
17,1,28,7.5
17,1,29,3.0
17,1,30,6.0
17,1,31,1.5
17,1,32,3.0
17,1,33,3.0
17,1,34,3.375
17,1,35,15.0
17,1,36,1.5
17,1,37,3.0
17,1,38,12.0
17,1,39,7.5
17,1,40,7.5
17,1,41,9.0
17,1,42,3.0
17,1,43,6.0
17,1,44,13.5
17,1,45,9.0
17,1,46,7.5
17,1,47,7.5
17,1,48,9.0
17,1,49,3.0
17,1,50,3.0
17,2,1,3.0
17,2,2,4.5
17,2,3,4.5
17,2,4,9.0
17,2,5,1.5
17,2,6,3.0
17,2,7,4.5
17,2,8,4.5
17,2,9,6.0
17,2,10,9.0
17,2,11,4.5
17,2,12,3.0
17,2,13,3.0
17,2,14,4.5
17,2,15,3.75
17,2,16,7.5
17,2,17,6.0
17,2,18,4.5
17,2,19,4.5
17,2,20,4.5
17,2,21,6.0
17,2,22,6.0
17,2,23,3.0
17,2,24,10.5
17,2,25,3.0
17,2,26,9.0
17,2,27,9.0
17,2,28,6.0
17,2,29,9.0
17,2,30,7.5
17,2,31,6.0
17,2,32,9.0
17,2,33,10.5
17,2,34,4.875
17,2,35,3.0
17,2,36,4.5
17,2,37,7.5
17,2,38,7.5
17,2,39,7.5
17,2,40,7.5
17,2,41,7.5
17,2,42,4.5
17,2,43,4.5
17,2,44,6.0
17,2,45,9.0
17,2,46,6.0
17,2,47,4.5
17,2,48,6.0
17,2,49,7.5
17,2,50,12.0
17,3,1,4.5
17,3,2,4.5
17,3,3,1.5
17,3,4,6.0
17,3,5,3.75
17,3,6,9.0
17,3,7,7.5
17,3,8,6.0
17,3,9,1.5
17,3,10,10.5
17,3,11,4.5
17,3,12,6.0
17,3,13,1.5
17,3,14,10.5
17,3,15,4.5
17,3,16,3.0
17,3,17,1.5
17,3,18,9.0
17,3,19,3.0
17,3,20,3.0
17,3,21,3.0
17,3,22,1.5
17,3,23,3.0
17,3,24,10.5
17,3,25,4.5
17,3,26,9.0
17,3,27,12.0
17,3,28,6.0
17,3,29,3.0
17,3,30,7.5
17,3,31,6.0
17,3,32,6.0
17,3,33,6.0
17,3,34,3.0
17,3,35,9.0
17,3,36,3.0
17,3,37,4.5
17,3,38,7.5
17,3,39,7.5
17,3,40,16.5
17,3,41,10.5
17,3,42,1.5
17,3,43,4.5
17,3,44,16.5
17,3,45,6.0
17,3,46,4.5
17,3,47,3.0
17,3,48,9.0
17,3,49,4.5
17,3,50,3.0
17,4,1,1.875
17,4,2,3.0
17,4,3,3.0
17,4,4,4.5
17,4,5,3.0
17,4,6,7.5
17,4,7,3.0
17,4,8,1.5
17,4,9,6.0
17,4,10,6.0
17,4,11,9.0
17,4,12,7.5
17,4,13,5.25
17,4,14,9.0
17,4,15,3.0
17,4,16,6.0
17,4,17,6.0
17,4,18,1.5
17,4,19,6.0
17,4,20,3.0
17,4,21,3.0
17,4,22,9.0
17,4,23,1.5
17,4,24,3.0
17,4,25,6.0
17,4,26,12.0
17,4,27,7.5
17,4,28,4.5
17,4,29,6.0
17,4,30,9.0
17,4,31,6.0
17,4,32,6.0
17,4,33,6.0
17,4,34,1.875
17,4,35,10.5
17,4,36,1.5
17,4,37,9.0
17,4,38,6.0
17,4,39,4.5
17,4,40,6.0
17,4,41,10.5
17,4,42,4.5
17,4,43,7.5
17,4,44,15.0
17,4,45,7.5
17,4,46,4.5
17,4,47,10.5
17,4,48,7.5
17,4,49,4.5
17,4,50,7.5
17,5,1,4.5
17,5,2,6.0
17,5,3,3.0
17,5,4,4.5
17,5,5,4.5
17,5,6,7.5
17,5,7,6.0
17,5,8,4.5
17,5,9,1.5
17,5,10,4.5
17,5,11,12.0
17,5,12,1.5
17,5,13,1.5
17,5,14,6.0
17,5,15,0.375
17,5,16,6.0
17,5,17,7.5
17,5,18,4.5
17,5,19,4.5
17,5,20,3.0
17,5,21,2.625
17,5,22,7.5
17,5,23,2.25
17,5,24,4.5
17,5,25,3.0
17,5,26,6.0
17,5,27,7.5
17,5,28,1.5
17,5,29,13.5
17,5,30,3.0
17,5,31,3.0
17,5,32,6.0
17,5,33,9.0
17,5,34,1.5
17,5,35,13.5
17,5,36,6.0
17,5,37,6.0
17,5,38,3.0
17,5,39,6.0
17,5,40,3.0
17,5,41,9.0
17,5,42,4.5
17,5,43,1.5
17,5,44,19.5
17,5,45,3.0
17,5,46,6.0
17,5,47,9.0
17,5,48,3.0
17,5,49,1.5
17,5,50,6.0
17,6,1,6.0
17,6,2,3.0
17,6,3,4.5
17,6,4,3.0
17,6,5,2.25
17,6,6,6.0
17,6,7,7.5
17,6,8,4.5
17,6,9,6.0
17,6,10,9.0
17,6,11,1.5
17,6,12,4.5
17,6,13,3.0
17,6,14,7.5
17,6,15,1.5
17,6,16,7.5
17,6,17,6.0
17,6,18,6.0
17,6,19,1.5
17,6,20,1.5
17,6,21,3.0
17,6,22,0.0
17,6,23,3.0
17,6,24,3.0
17,6,25,3.75
17,6,26,12.0
17,6,27,4.5
17,6,28,6.0
17,6,29,6.0
17,6,30,3.0
17,6,31,4.5
17,6,32,4.5
17,6,33,3.0
17,6,34,3.0
17,6,35,4.5
17,6,36,4.5
17,6,37,1.5
17,6,38,1.5
17,6,39,7.5
17,6,40,9.0
17,6,41,3.0
17,6,42,4.5
17,6,43,4.5
17,6,44,15.0
17,6,45,10.5
17,6,46,3.0
17,6,47,6.0
17,6,48,9.0
17,6,49,4.5
17,6,50,4.5
18,0,1,6.0
18,0,2,3.0
18,0,3,3.0
18,0,4,4.5
18,0,5,9.0
18,0,6,9.0
18,0,7,3.0
18,0,8,7.5
18,0,9,4.5
18,0,10,7.5
18,0,11,9.0
18,0,12,4.5
18,0,13,3.0
18,0,14,6.0
18,0,15,4.5
18,0,16,6.0
18,0,17,4.5
18,0,18,9.0
18,0,19,3.0
18,0,20,1.5
18,0,21,3.0
18,0,22,3.0
18,0,23,3.375
18,0,24,12.0
18,0,25,3.0
18,0,26,6.0
18,0,27,7.5
18,0,28,4.5
18,0,29,6.0
18,0,30,7.5
18,0,31,3.0
18,0,32,9.0
18,0,33,7.5
18,0,34,2.25
18,0,35,6.0
18,0,36,7.5
18,0,37,4.5
18,0,38,4.5
18,0,39,6.0
18,0,40,12.0
18,0,41,10.5
18,0,42,1.5
18,0,43,4.5
18,0,44,6.0
18,0,45,10.5
18,0,46,12.0
18,0,47,6.0
18,0,48,4.5
18,0,49,7.5
18,0,50,3.0
18,1,1,1.5
18,1,2,7.5
18,1,3,4.5
18,1,4,6.0
18,1,5,1.5
18,1,6,9.0
18,1,7,4.5
18,1,8,4.5
18,1,9,3.0
18,1,10,9.0
18,1,11,7.5
18,1,12,10.5
18,1,13,3.0
18,1,14,4.5
18,1,15,3.375
18,1,16,3.0
18,1,17,6.0
18,1,18,9.0
18,1,19,4.5
18,1,20,3.0
18,1,21,6.0
18,1,22,6.0
18,1,23,4.5
18,1,24,7.5
18,1,25,4.5
18,1,26,4.5
18,1,27,3.0
18,1,28,6.0
18,1,29,6.0
18,1,30,4.5
18,1,31,9.0
18,1,32,7.5
18,1,33,9.0
18,1,34,1.875
18,1,35,6.0
18,1,36,3.0
18,1,37,4.5
18,1,38,4.5
18,1,39,15.0
18,1,40,3.0
18,1,41,4.5
18,1,42,4.5
18,1,43,6.0
18,1,44,16.5
18,1,45,9.0
18,1,46,3.0
18,1,47,12.0
18,1,48,10.5
18,1,49,4.5
18,1,50,3.0
18,2,1,3.0
18,2,2,2.25
18,2,3,6.0
18,2,4,4.5
18,2,5,4.5
18,2,6,10.5
18,2,7,4.5
18,2,8,6.0
18,2,9,4.5
18,2,10,7.5
18,2,11,9.0
18,2,12,3.0
18,2,13,1.5
18,2,14,9.0
18,2,15,3.75
18,2,16,7.5
18,2,17,4.5
18,2,18,4.5
18,2,19,4.5
18,2,20,4.5
18,2,21,4.5
18,2,22,7.5
18,2,23,2.25
18,2,24,6.0
18,2,25,4.5
18,2,26,9.0
18,2,27,7.5
18,2,28,6.0
18,2,29,15.0
18,2,30,6.0
18,2,31,4.5
18,2,32,6.0
18,2,33,9.0
18,2,34,1.5
18,2,35,7.5
18,2,36,6.0
18,2,37,6.0
18,2,38,3.0
18,2,39,6.0
18,2,40,10.5
18,2,41,12.0
18,2,42,6.0
18,2,43,4.5
18,2,44,4.5
18,2,45,16.5
18,2,46,6.0
18,2,47,12.0
18,2,48,4.5
18,2,49,3.0
18,2,50,7.5
18,3,1,2.25
18,3,2,0.0
18,3,3,4.5
18,3,4,9.0
18,3,5,4.5
18,3,6,7.5
18,3,7,3.0
18,3,8,3.0
18,3,9,3.0
18,3,10,6.0
18,3,11,3.0
18,3,12,7.5
18,3,13,0.375
18,3,14,7.5
18,3,15,1.5
18,3,16,4.5
18,3,17,7.5
18,3,18,4.5
18,3,19,9.0
18,3,20,1.5
18,3,21,1.5
18,3,22,1.5
18,3,23,3.0
18,3,24,6.0
18,3,25,3.375
18,3,26,12.0
18,3,27,12.0
18,3,28,4.5
18,3,29,19.5
18,3,30,7.5
18,3,31,6.0
18,3,32,6.0
18,3,33,6.0
18,3,34,1.5
18,3,35,6.0
18,3,36,4.5
18,3,37,3.0
18,3,38,6.0
18,3,39,6.0
18,3,40,6.0
18,3,41,9.0
18,3,42,6.0
18,3,43,7.5
18,3,44,16.5
18,3,45,6.0
18,3,46,9.0
18,3,47,12.0
18,3,48,6.0
18,3,49,10.5
18,3,50,4.5
18,4,1,9.0
18,4,2,6.0
18,4,3,3.0
18,4,4,7.5
18,4,5,3.0
18,4,6,9.0
18,4,7,4.5
18,4,8,4.5
18,4,9,4.5
18,4,10,9.0
18,4,11,7.5
18,4,12,7.5
18,4,13,4.5
18,4,14,6.0
18,4,15,1.5
18,4,16,10.5
18,4,17,7.5
18,4,18,6.0
18,4,19,6.0
18,4,20,3.0
18,4,21,1.5
18,4,22,3.0
18,4,23,1.5
18,4,24,3.0
18,4,25,3.375
18,4,26,3.0
18,4,27,6.0
18,4,28,6.0
18,4,29,7.5
18,4,30,4.5
18,4,31,7.5
18,4,32,13.5
18,4,33,6.0
18,4,34,3.0
18,4,35,7.5
18,4,36,9.0
18,4,37,7.5
18,4,38,9.0
18,4,39,7.5
18,4,40,9.0
18,4,41,6.0
18,4,42,4.5
18,4,43,4.5
18,4,44,13.5
18,4,45,3.0
18,4,46,6.0
18,4,47,7.5
18,4,48,6.0
18,4,49,3.0
18,4,50,9.0
18,5,1,3.0
18,5,2,4.5
18,5,3,6.0
18,5,4,6.0
18,5,5,1.5
18,5,6,4.5
18,5,7,4.5
18,5,8,6.0
18,5,9,9.0
18,5,10,6.0
18,5,11,9.0
18,5,12,4.5
18,5,13,1.5
18,5,14,9.0
18,5,15,1.5
18,5,16,9.0
18,5,17,9.0
18,5,18,6.0
18,5,19,4.5
18,5,20,4.875
18,5,21,1.5
18,5,22,3.0
18,5,23,1.5
18,5,24,4.5
18,5,25,6.0
18,5,26,7.5
18,5,27,6.0
18,5,28,6.0
18,5,29,12.0
18,5,30,7.5
18,5,31,9.0
18,5,32,6.0
18,5,33,7.5
18,5,34,3.0
18,5,35,6.0
18,5,36,3.0
18,5,37,9.0
18,5,38,4.5
18,5,39,4.5
18,5,40,7.5
18,5,41,12.0
18,5,42,9.0
18,5,43,9.0
18,5,44,19.5
18,5,45,9.0
18,5,46,3.0
18,5,47,1.5
18,5,48,7.5
18,5,49,3.0
18,5,50,6.0
18,6,1,1.5
18,6,2,4.5
18,6,3,1.5
18,6,4,3.0
18,6,5,3.0
18,6,6,6.0
18,6,7,4.5
18,6,8,3.0
18,6,9,1.5
18,6,10,4.5
18,6,11,4.5
18,6,12,6.0
18,6,13,1.5
18,6,14,9.0
18,6,15,1.5
18,6,16,10.5
18,6,17,4.5
18,6,18,7.5
18,6,19,7.5
18,6,20,3.0
18,6,21,0.75
18,6,22,4.5
18,6,23,1.5
18,6,24,3.0
18,6,25,1.5
18,6,26,16.5
18,6,27,1.5
18,6,28,9.0
18,6,29,6.0
18,6,30,6.0
18,6,31,3.0
18,6,32,9.0
18,6,33,4.5
18,6,34,3.0
18,6,35,4.5
18,6,36,6.0
18,6,37,10.5
18,6,38,3.0
18,6,39,6.0
18,6,40,7.5
18,6,41,9.0
18,6,42,1.5
18,6,43,6.0
18,6,44,3.0
18,6,45,3.0
18,6,46,6.0
18,6,47,6.0
18,6,48,7.5
18,6,49,3.0
18,6,50,6.0
19,0,1,2.625
19,0,2,9.0
19,0,3,4.5
19,0,4,4.5
19,0,5,3.0
19,0,6,7.5
19,0,7,6.0
19,0,8,6.0
19,0,9,6.0
19,0,10,4.5
19,0,11,4.5
19,0,12,6.0
19,0,13,2.25
19,0,14,3.0
19,0,15,3.0
19,0,16,9.0
19,0,17,3.0
19,0,18,7.5
19,0,19,3.0
19,0,20,3.0
19,0,21,4.5
19,0,22,4.5
19,0,23,2.25
19,0,24,9.0
19,0,25,3.375
19,0,26,4.5
19,0,27,7.5
19,0,28,6.0
19,0,29,10.5
19,0,30,7.5
19,0,31,3.0
19,0,32,7.5
19,0,33,10.5
19,0,34,4.5
19,0,35,19.5
19,0,36,7.5
19,0,37,10.5
19,0,38,7.5
19,0,39,9.0
19,0,40,7.5
19,0,41,7.5
19,0,42,9.0
19,0,43,4.5
19,0,44,15.0
19,0,45,9.0
19,0,46,3.0
19,0,47,6.0
19,0,48,6.0
19,0,49,10.5
19,0,50,6.0
19,1,1,1.5
19,1,2,4.5
19,1,3,4.5
19,1,4,6.0
19,1,5,1.5
19,1,6,6.0
19,1,7,4.5
19,1,8,4.5
19,1,9,4.5
19,1,10,9.0
19,1,11,7.5
19,1,12,6.0
19,1,13,1.5
19,1,14,6.0
19,1,15,1.5
19,1,16,4.5
19,1,17,6.0
19,1,18,12.0
19,1,19,6.0
19,1,20,1.5
19,1,21,4.5
19,1,22,3.0
19,1,23,1.875
19,1,24,10.5
19,1,25,3.0
19,1,26,16.5
19,1,27,12.0
19,1,28,3.0
19,1,29,7.5
19,1,30,7.5
19,1,31,3.0
19,1,32,4.5
19,1,33,7.5
19,1,34,3.0
19,1,35,16.5
19,1,36,4.5
19,1,37,4.5
19,1,38,9.0
19,1,39,13.5
19,1,40,12.0
19,1,41,3.0
19,1,42,7.5
19,1,43,6.0
19,1,44,13.5
19,1,45,10.5
19,1,46,3.0
19,1,47,12.0
19,1,48,9.0
19,1,49,3.0
19,1,50,7.5
19,2,1,1.5
19,2,2,4.5
19,2,3,6.0
19,2,4,6.0
19,2,5,3.0
19,2,6,7.5
19,2,7,10.5
19,2,8,7.5
19,2,9,3.0
19,2,10,4.5
19,2,11,7.5
19,2,12,7.5
19,2,13,1.5
19,2,14,4.5
19,2,15,5.25
19,2,16,7.5
19,2,17,7.5
19,2,18,7.5
19,2,19,4.5
19,2,20,6.0
19,2,21,7.5
19,2,22,9.0
19,2,23,1.5
19,2,24,9.0
19,2,25,1.5
19,2,26,4.5
19,2,27,1.5
19,2,28,12.0
19,2,29,7.5
19,2,30,15.0
19,2,31,3.0
19,2,32,7.5
19,2,33,9.0
19,2,34,4.875
19,2,35,9.0
19,2,36,4.5
19,2,37,6.0
19,2,38,9.0
19,2,39,7.5
19,2,40,9.0
19,2,41,21.0
19,2,42,4.5
19,2,43,6.0
19,2,44,7.5
19,2,45,7.5
19,2,46,7.5
19,2,47,4.5
19,2,48,12.0
19,2,49,6.0
19,2,50,6.0
19,3,1,3.0
19,3,2,4.5
19,3,3,3.0
19,3,4,7.5
19,3,5,0.0
19,3,6,6.0
19,3,7,7.5
19,3,8,6.0
19,3,9,3.0
19,3,10,12.0
19,3,11,6.0
19,3,12,10.5
19,3,13,1.5
19,3,14,4.5
19,3,15,4.875
19,3,16,9.0
19,3,17,4.5
19,3,18,6.0
19,3,19,4.5
19,3,20,6.0
19,3,21,6.75
19,3,22,6.0
19,3,23,1.5
19,3,24,6.0
19,3,25,2.25
19,3,26,12.0
19,3,27,10.5
19,3,28,6.0
19,3,29,6.0
19,3,30,3.0
19,3,31,4.5
19,3,32,1.5
19,3,33,6.0
19,3,34,3.0
19,3,35,12.0
19,3,36,12.0
19,3,37,4.5
19,3,38,13.5
19,3,39,7.5
19,3,40,13.5
19,3,41,10.5
19,3,42,4.5
19,3,43,7.5
19,3,44,15.0
19,3,45,9.0
19,3,46,9.0
19,3,47,13.5
19,3,48,10.5
19,3,49,6.0
19,3,50,9.0
19,4,1,4.5
19,4,2,6.0
19,4,3,7.5
19,4,4,12.0
19,4,5,3.0
19,4,6,7.5
19,4,7,7.5
19,4,8,3.0
19,4,9,6.0
19,4,10,7.5
19,4,11,4.5
19,4,12,7.5
19,4,13,1.5
19,4,14,6.0
19,4,15,3.0
19,4,16,7.5
19,4,17,3.0
19,4,18,6.0
19,4,19,7.5
19,4,20,7.5
19,4,21,3.0
19,4,22,7.5
19,4,23,1.875
19,4,24,4.5
19,4,25,4.875
19,4,26,9.0
19,4,27,7.5
19,4,28,7.5
19,4,29,7.5
19,4,30,6.0
19,4,31,1.5
19,4,32,7.5
19,4,33,15.0
19,4,34,1.5
19,4,35,7.5
19,4,36,6.0
19,4,37,9.0
19,4,38,12.0
19,4,39,15.0
19,4,40,10.5
19,4,41,6.0
19,4,42,7.5
19,4,43,3.0
19,4,44,12.0
19,4,45,10.5
19,4,46,4.5
19,4,47,9.0
19,4,48,9.0
19,4,49,7.5
19,4,50,10.5
19,5,1,1.5
19,5,2,1.5
19,5,3,6.0
19,5,4,3.0
19,5,5,1.5
19,5,6,1.5
19,5,7,3.0
19,5,8,1.5
19,5,9,6.0
19,5,10,3.0
19,5,11,6.0
19,5,12,4.5
19,5,13,1.5
19,5,14,3.0
19,5,15,1.5
19,5,16,4.5
19,5,17,7.5
19,5,18,9.0
19,5,19,12.0
19,5,20,3.0
19,5,21,1.5
19,5,22,6.0
19,5,23,3.375
19,5,24,4.5
19,5,25,3.0
19,5,26,15.0
19,5,27,12.0
19,5,28,9.0
19,5,29,16.5
19,5,30,3.0
19,5,31,3.0
19,5,32,4.5
19,5,33,4.5
19,5,34,1.5
19,5,35,7.5
19,5,36,7.5
19,5,37,12.0
19,5,38,7.5
19,5,39,7.5
19,5,40,9.0
19,5,41,10.5
19,5,42,6.0
19,5,43,7.125
19,5,44,18.0
19,5,45,6.0
19,5,46,4.5
19,5,47,3.0
19,5,48,3.0
19,5,49,6.0
19,5,50,10.5
19,6,1,6.0
19,6,2,1.5
19,6,3,1.5
19,6,4,7.5
19,6,5,3.0
19,6,6,9.0
19,6,7,4.125
19,6,8,4.5
19,6,9,4.5
19,6,10,9.0
19,6,11,7.5
19,6,12,9.0
19,6,13,0.75
19,6,14,7.5
19,6,15,3.0
19,6,16,6.0
19,6,17,6.0
19,6,18,6.0
19,6,19,4.5
19,6,20,1.5
19,6,21,1.5
19,6,22,4.875
19,6,23,3.0
19,6,24,6.0
19,6,25,2.625
19,6,26,10.5
19,6,27,4.5
19,6,28,6.0
19,6,29,9.0
19,6,30,9.0
19,6,31,3.0
19,6,32,7.5
19,6,33,6.0
19,6,34,1.5
19,6,35,7.5
19,6,36,1.5
19,6,37,7.5
19,6,38,4.5
19,6,39,4.5
19,6,40,7.5
19,6,41,10.5
19,6,42,4.5
19,6,43,4.5
19,6,44,12.0
19,6,45,7.5
19,6,46,1.5
19,6,47,7.5
19,6,48,9.0
19,6,49,1.5
19,6,50,3.0
20,0,1,3.75
20,0,2,1.5
20,0,3,6.0
20,0,4,3.0
20,0,5,1.5
20,0,6,7.5
20,0,7,4.5
20,0,8,7.5
20,0,9,7.5
20,0,10,4.5
20,0,11,6.0
20,0,12,0.0
20,0,13,1.875
20,0,14,7.5
20,0,15,2.25
20,0,16,12.0
20,0,17,7.5
20,0,18,4.5
20,0,19,7.5
20,0,20,3.0
20,0,21,3.0
20,0,22,1.5
20,0,23,1.875
20,0,24,6.0
20,0,25,1.5
20,0,26,6.0
20,0,27,15.0
20,0,28,6.0
20,0,29,21.0
20,0,30,12.0
20,0,31,3.0
20,0,32,10.5
20,0,33,9.0
20,0,34,1.875
20,0,35,9.0
20,0,36,4.5
20,0,37,3.0
20,0,38,7.5
20,0,39,6.0
20,0,40,4.5
20,0,41,4.5
20,0,42,3.0
20,0,43,4.5
20,0,44,10.5
20,0,45,6.0
20,0,46,6.0
20,0,47,9.0
20,0,48,9.0
20,0,49,7.5
20,0,50,4.5
20,1,1,4.5
20,1,2,4.5
20,1,3,6.0
20,1,4,6.0
20,1,5,3.0
20,1,6,7.5
20,1,7,4.5
20,1,8,9.0
20,1,9,3.0
20,1,10,4.5
20,1,11,3.75
20,1,12,3.0
20,1,13,6.0
20,1,14,12.0
20,1,15,3.0
20,1,16,7.5
20,1,17,6.0
20,1,18,3.0
20,1,19,4.5
20,1,20,7.5
20,1,21,3.0
20,1,22,4.5
20,1,23,1.125
20,1,24,6.0
20,1,25,4.5
20,1,26,7.5
20,1,27,7.5
20,1,28,6.0
20,1,29,9.0
20,1,30,7.5
20,1,31,3.0
20,1,32,6.0
20,1,33,7.5
20,1,34,4.5
20,1,35,12.0
20,1,36,4.5
20,1,37,3.0
20,1,38,6.0
20,1,39,6.0
20,1,40,6.0
20,1,41,7.5
20,1,42,4.5
20,1,43,4.5
20,1,44,10.5
20,1,45,4.5
20,1,46,1.5
20,1,47,1.5
20,1,48,13.5
20,1,49,3.0
20,1,50,4.5
20,2,1,1.5
20,2,2,4.5
20,2,3,1.5
20,2,4,3.0
20,2,5,4.5
20,2,6,10.5
20,2,7,4.5
20,2,8,6.0
20,2,9,3.0
20,2,10,1.5
20,2,11,6.0
20,2,12,6.0
20,2,13,1.875
20,2,14,9.0
20,2,15,4.5
20,2,16,9.0
20,2,17,3.0
20,2,18,10.5
20,2,19,4.5
20,2,20,1.5
20,2,21,3.0
20,2,22,4.5
20,2,23,3.0
20,2,24,4.5
20,2,25,3.0
20,2,26,7.5
20,2,27,4.5
20,2,28,4.5
20,2,29,6.0
20,2,30,16.5
20,2,31,4.5
20,2,32,3.0
20,2,33,7.5
20,2,34,3.0
20,2,35,6.0
20,2,36,7.5
20,2,37,6.0
20,2,38,9.0
20,2,39,3.0
20,2,40,9.0
20,2,41,12.0
20,2,42,6.0
20,2,43,4.5
20,2,44,10.5
20,2,45,6.0
20,2,46,6.0
20,2,47,13.5
20,2,48,10.5
20,2,49,3.0
20,2,50,7.5
20,3,1,3.0
20,3,2,3.0
20,3,3,7.5
20,3,4,6.0
20,3,5,2.625
20,3,6,3.0
20,3,7,6.0
20,3,8,6.0
20,3,9,4.5
20,3,10,4.5
20,3,11,4.5
20,3,12,4.5
20,3,13,3.0
20,3,14,1.5
20,3,15,1.875
20,3,16,3.0
20,3,17,12.0
20,3,18,6.0
20,3,19,10.5
20,3,20,3.0
20,3,21,3.0
20,3,22,7.5
20,3,23,1.5
20,3,24,6.0
20,3,25,4.5
20,3,26,4.5
20,3,27,9.0
20,3,28,9.0
20,3,29,13.5
20,3,30,9.0
20,3,31,6.0
20,3,32,6.0
20,3,33,9.0
20,3,34,1.5
20,3,35,4.5
20,3,36,9.0
20,3,37,7.5
20,3,38,10.5
20,3,39,6.0
20,3,40,9.0
20,3,41,16.5
20,3,42,4.5
20,3,43,9.0
20,3,44,15.0
20,3,45,6.0
20,3,46,6.0
20,3,47,7.5
20,3,48,6.0
20,3,49,6.0
20,3,50,1.5
20,4,1,2.25
20,4,2,6.0
20,4,3,4.5
20,4,4,3.0
20,4,5,3.0
20,4,6,7.5
20,4,7,12.0
20,4,8,6.0
20,4,9,6.0
20,4,10,7.5
20,4,11,6.0
20,4,12,10.5
20,4,13,1.5
20,4,14,6.0
20,4,15,3.0
20,4,16,9.0
20,4,17,7.5
20,4,18,9.0
20,4,19,6.0
20,4,20,1.5
20,4,21,4.5
20,4,22,6.0
20,4,23,4.5
20,4,24,4.5
20,4,25,3.375
20,4,26,9.0
20,4,27,10.5
20,4,28,9.0
20,4,29,15.0
20,4,30,12.0
20,4,31,4.875
20,4,32,10.5
20,4,33,4.5
20,4,34,3.75
20,4,35,7.5
20,4,36,6.0
20,4,37,6.0
20,4,38,15.0
20,4,39,7.5
20,4,40,7.5
20,4,41,10.5
20,4,42,4.5
20,4,43,6.0
20,4,44,15.0
20,4,45,7.5
20,4,46,6.0
20,4,47,3.0
20,4,48,9.0
20,4,49,6.0
20,4,50,6.0
20,5,1,2.25
20,5,2,3.0
20,5,3,3.0
20,5,4,9.0
20,5,5,1.5
20,5,6,1.5
20,5,7,1.5
20,5,8,7.5
20,5,9,4.5
20,5,10,3.0
20,5,11,4.5
20,5,12,3.0
20,5,13,1.875
20,5,14,6.0
20,5,15,1.125
20,5,16,6.0
20,5,17,7.5
20,5,18,12.0
20,5,19,6.0
20,5,20,3.0
20,5,21,6.0
20,5,22,6.0
20,5,23,4.5
20,5,24,6.0
20,5,25,2.625
20,5,26,13.5
20,5,27,12.0
20,5,28,9.0
20,5,29,12.0
20,5,30,10.5
20,5,31,3.0
20,5,32,12.0
20,5,33,9.0
20,5,34,1.5
20,5,35,10.5
20,5,36,6.0
20,5,37,3.0
20,5,38,9.0
20,5,39,9.0
20,5,40,12.0
20,5,41,9.0
20,5,42,6.0
20,5,43,4.5
20,5,44,22.5
20,5,45,12.0
20,5,46,7.5
20,5,47,9.0
20,5,48,9.0
20,5,49,7.5
20,5,50,6.0
20,6,1,0.75
20,6,2,1.875
20,6,3,1.875
20,6,4,3.0
20,6,5,6.0
20,6,6,3.0
20,6,7,6.0
20,6,8,7.5
20,6,9,3.0
20,6,10,3.0
20,6,11,3.0
20,6,12,10.5
20,6,13,0.0
20,6,14,3.0
20,6,15,3.0
20,6,16,6.0
20,6,17,3.0
20,6,18,6.0
20,6,19,1.5
20,6,20,6.0
20,6,21,1.5
20,6,22,3.0
20,6,23,3.0
20,6,24,9.0
20,6,25,3.375
20,6,26,4.5
20,6,27,9.0
20,6,28,4.5
20,6,29,6.0
20,6,30,4.5
20,6,31,4.5
20,6,32,6.0
20,6,33,4.5
20,6,34,2.25
20,6,35,4.5
20,6,36,3.0
20,6,37,1.5
20,6,38,9.0
20,6,39,1.5
20,6,40,7.5
20,6,41,10.5
20,6,42,3.0
20,6,43,3.0
20,6,44,13.5
20,6,45,6.0
20,6,46,3.0
20,6,47,7.5
20,6,48,6.0
20,6,49,1.5
20,6,50,10.5
21,0,1,0.75
21,0,2,3.0
21,0,3,3.0
21,0,4,3.0
21,0,5,3.0
21,0,6,7.5
21,0,7,4.5
21,0,8,6.0
21,0,9,3.0
21,0,10,7.5
21,0,11,9.0
21,0,12,4.5
21,0,13,3.75
21,0,14,1.5
21,0,15,3.0
21,0,16,7.5
21,0,17,7.5
21,0,18,12.0
21,0,19,9.0
21,0,20,4.5
21,0,21,4.875
21,0,22,4.5
21,0,23,2.25
21,0,24,6.0
21,0,25,3.0
21,0,26,3.0
21,0,27,4.5
21,0,28,7.5
21,0,29,3.0
21,0,30,4.5
21,0,31,4.5
21,0,32,6.0
21,0,33,4.5
21,0,34,3.0
21,0,35,16.5
21,0,36,7.5
21,0,37,7.5
21,0,38,10.5
21,0,39,1.5
21,0,40,7.5
21,0,41,6.0
21,0,42,3.0
21,0,43,7.5
21,0,44,10.5
21,0,45,7.5
21,0,46,4.5
21,0,47,10.5
21,0,48,4.5
21,0,49,2.25
21,0,50,9.0
21,1,1,3.0
21,1,2,4.5
21,1,3,6.0
21,1,4,4.5
21,1,5,3.0
21,1,6,1.5
21,1,7,6.0
21,1,8,7.5
21,1,9,4.5
21,1,10,9.0
21,1,11,6.0
21,1,12,4.5
21,1,13,1.875
21,1,14,6.0
21,1,15,1.875
21,1,16,6.0
21,1,17,7.5
21,1,18,6.0
21,1,19,10.5
21,1,20,3.0
21,1,21,3.0
21,1,22,6.0
21,1,23,3.0
21,1,24,4.5
21,1,25,2.25
21,1,26,4.5
21,1,27,3.0
21,1,28,6.0
21,1,29,9.0
21,1,30,7.5
21,1,31,4.5
21,1,32,3.0
21,1,33,7.5
21,1,34,3.0
21,1,35,6.0
21,1,36,6.0
21,1,37,4.5
21,1,38,6.0
21,1,39,4.5
21,1,40,12.0
21,1,41,12.0
21,1,42,3.0
21,1,43,4.5
21,1,44,15.0
21,1,45,4.5
21,1,46,1.5
21,1,47,7.5
21,1,48,4.5
21,1,49,1.5
21,1,50,9.0
21,2,1,2.625
21,2,2,3.0
21,2,3,7.5
21,2,4,4.5
21,2,5,3.0
21,2,6,9.0
21,2,7,6.0
21,2,8,4.5
21,2,9,6.0
21,2,10,1.5
21,2,11,1.5
21,2,12,6.0
21,2,13,1.5
21,2,14,6.0
21,2,15,1.875
21,2,16,10.5
21,2,17,9.0
21,2,18,6.0
21,2,19,4.5
21,2,20,3.0
21,2,21,5.25
21,2,22,4.5
21,2,23,1.5
21,2,24,9.0
21,2,25,0.0
21,2,26,7.5
21,2,27,13.5
21,2,28,4.5
21,2,29,6.0
21,2,30,6.0
21,2,31,6.0
21,2,32,9.0
21,2,33,7.5
21,2,34,1.5
21,2,35,4.5
21,2,36,6.0
21,2,37,3.0
21,2,38,6.0
21,2,39,4.5
21,2,40,6.0
21,2,41,4.5
21,2,42,4.5
21,2,43,7.5
21,2,44,13.5
21,2,45,9.0
21,2,46,4.5
21,2,47,9.0
21,2,48,7.5
21,2,49,7.5
21,2,50,9.0
21,3,1,1.5
21,3,2,6.0
21,3,3,7.5
21,3,4,6.0
21,3,5,3.0
21,3,6,7.5
21,3,7,6.0
21,3,8,6.0
21,3,9,6.0
21,3,10,4.5
21,3,11,7.5
21,3,12,7.5
21,3,13,3.0
21,3,14,3.0
21,3,15,1.5
21,3,16,6.0
21,3,17,6.0
21,3,18,6.0
21,3,19,7.5
21,3,20,4.5
21,3,21,1.5
21,3,22,6.0
21,3,23,1.875
21,3,24,4.5
21,3,25,3.75
21,3,26,6.0
21,3,27,12.0
21,3,28,7.5
21,3,29,4.5
21,3,30,6.0
21,3,31,3.0
21,3,32,3.0
21,3,33,7.5
21,3,34,1.5
21,3,35,15.0
21,3,36,9.0
21,3,37,4.5
21,3,38,6.0
21,3,39,10.5
21,3,40,10.5
21,3,41,15.0
21,3,42,9.0
21,3,43,6.0
21,3,44,21.0
21,3,45,15.0
21,3,46,3.0
21,3,47,9.0
21,3,48,10.5
21,3,49,3.0
21,3,50,3.0
21,4,1,0.75
21,4,2,3.0
21,4,3,6.0
21,4,4,6.0
21,4,5,3.0
21,4,6,13.5
21,4,7,4.5
21,4,8,6.0
21,4,9,4.5
21,4,10,3.0
21,4,11,3.0
21,4,12,4.5
21,4,13,1.125
21,4,14,12.0
21,4,15,4.5
21,4,16,3.0
21,4,17,4.5
21,4,18,10.5
21,4,19,4.5
21,4,20,4.5
21,4,21,4.5
21,4,22,1.5
21,4,23,2.625
21,4,24,4.5
21,4,25,3.0
21,4,26,13.5
21,4,27,15.0
21,4,28,12.0
21,4,29,6.0
21,4,30,7.5
21,4,31,1.5
21,4,32,9.0
21,4,33,10.5
21,4,34,2.25
21,4,35,7.5
21,4,36,4.5
21,4,37,6.0
21,4,38,7.5
21,4,39,12.0
21,4,40,9.0
21,4,41,7.5
21,4,42,4.5
21,4,43,3.0
21,4,44,16.5
21,4,45,10.5
21,4,46,6.375
21,4,47,12.0
21,4,48,15.0
21,4,49,3.0
21,4,50,6.0
21,5,1,1.5
21,5,2,3.0
21,5,3,4.5
21,5,4,4.5
21,5,5,1.5
21,5,6,12.0
21,5,7,3.0
21,5,8,7.5
21,5,9,6.0
21,5,10,3.0
21,5,11,3.0
21,5,12,4.5
21,5,13,5.25
21,5,14,6.0
21,5,15,0.0
21,5,16,12.0
21,5,17,4.5
21,5,18,10.5
21,5,19,7.5
21,5,20,4.5
21,5,21,1.5
21,5,22,3.0
21,5,23,1.875
21,5,24,9.0
21,5,25,1.5
21,5,26,7.5
21,5,27,13.5
21,5,28,3.0
21,5,29,7.5
21,5,30,7.5
21,5,31,3.0
21,5,32,7.5
21,5,33,9.0
21,5,34,0.75
21,5,35,13.5
21,5,36,6.0
21,5,37,4.5
21,5,38,13.5
21,5,39,12.0
21,5,40,6.0
21,5,41,4.5
21,5,42,3.0
21,5,43,4.5
21,5,44,21.0
21,5,45,7.5
21,5,46,7.5
21,5,47,13.5
21,5,48,10.5
21,5,49,6.0
21,5,50,4.5
21,6,1,3.0
21,6,2,1.5
21,6,3,7.5
21,6,4,12.0
21,6,5,1.5
21,6,6,7.5
21,6,7,1.5
21,6,8,6.0
21,6,9,4.5
21,6,10,3.0
21,6,11,4.5
21,6,12,1.5
21,6,13,1.5
21,6,14,6.0
21,6,15,2.25
21,6,16,4.5
21,6,17,9.0
21,6,18,6.0
21,6,19,3.0
21,6,20,4.5
21,6,21,3.0
21,6,22,4.5
21,6,23,2.25
21,6,24,3.0
21,6,25,2.25
21,6,26,3.0
21,6,27,3.0
21,6,28,1.5
21,6,29,3.0
21,6,30,6.0
21,6,31,3.0
21,6,32,4.5
21,6,33,1.5
21,6,34,0.75
21,6,35,7.5
21,6,36,4.5
21,6,37,2.25
21,6,38,3.0
21,6,39,6.0
21,6,40,4.5
21,6,41,4.5
21,6,42,3.0
21,6,43,3.0
21,6,44,6.0
21,6,45,4.5
21,6,46,3.0
21,6,47,9.0
21,6,48,6.0
21,6,49,3.0
21,6,50,10.5
22,0,1,3.0
22,0,2,3.0
22,0,3,9.0
22,0,4,1.5
22,0,5,1.5
22,0,6,6.0
22,0,7,4.5
22,0,8,6.0
22,0,9,3.0
22,0,10,10.5
22,0,11,3.0
22,0,12,7.5
22,0,13,3.0
22,0,14,6.0
22,0,15,1.5
22,0,16,4.5
22,0,17,3.0
22,0,18,6.0
22,0,19,6.0
22,0,20,5.625
22,0,21,1.5
22,0,22,4.5
22,0,23,1.5
22,0,24,7.5
22,0,25,3.0
22,0,26,7.5
22,0,27,9.0
22,0,28,6.0
22,0,29,10.5
22,0,30,7.5
22,0,31,4.5
22,0,32,6.0
22,0,33,6.0
22,0,34,1.5
22,0,35,10.5
22,0,36,1.5
22,0,37,6.0
22,0,38,7.5
22,0,39,7.5
22,0,40,10.5
22,0,41,4.5
22,0,42,1.5
22,0,43,1.5
22,0,44,12.0
22,0,45,3.0
22,0,46,0.0
22,0,47,9.0
22,0,48,13.5
22,0,49,3.0
22,0,50,10.5
22,1,1,1.875
22,1,2,4.5
22,1,3,6.0
22,1,4,4.5
22,1,5,2.25
22,1,6,12.0
22,1,7,4.5
22,1,8,6.0
22,1,9,6.0
22,1,10,7.5
22,1,11,9.0
22,1,12,1.5
22,1,13,1.5
22,1,14,9.0
22,1,15,1.875
22,1,16,6.0
22,1,17,9.0
22,1,18,4.5
22,1,19,6.0
22,1,20,4.125
22,1,21,1.5
22,1,22,4.5
22,1,23,1.5
22,1,24,9.0
22,1,25,1.5
22,1,26,6.0
22,1,27,12.0
22,1,28,9.0
22,1,29,7.5
22,1,30,3.0
22,1,31,4.5
22,1,32,4.5
22,1,33,6.0
22,1,34,3.0
22,1,35,7.5
22,1,36,4.5
22,1,37,3.0
22,1,38,3.0
22,1,39,7.5
22,1,40,16.5
22,1,41,10.5
22,1,42,3.0
22,1,43,4.5
22,1,44,13.5
22,1,45,3.0
22,1,46,1.5
22,1,47,9.0
22,1,48,6.0
22,1,49,3.0
22,1,50,7.5
22,2,1,0.75
22,2,2,1.5
22,2,3,10.5
22,2,4,3.0
22,2,5,1.875
22,2,6,4.5
22,2,7,3.0
22,2,8,4.5
22,2,9,9.0
22,2,10,9.0
22,2,11,3.0
22,2,12,6.0
22,2,13,2.25
22,2,14,4.5
22,2,15,1.5
22,2,16,10.5
22,2,17,9.0
22,2,18,6.0
22,2,19,4.5
22,2,20,2.25
22,2,21,3.0
22,2,22,4.5
22,2,23,1.875
22,2,24,9.0
22,2,25,3.75
22,2,26,10.5
22,2,27,13.5
22,2,28,6.0
22,2,29,13.5
22,2,30,10.5
22,2,31,2.25
22,2,32,7.5
22,2,33,4.5
22,2,34,3.0
22,2,35,3.0
22,2,36,1.5
22,2,37,7.5
22,2,38,9.0
22,2,39,4.5
22,2,40,13.5
22,2,41,9.0
22,2,42,4.5
22,2,43,1.5
22,2,44,9.0
22,2,45,10.5
22,2,46,2.625
22,2,47,3.0
22,2,48,9.0
22,2,49,4.5
22,2,50,10.5
22,3,1,2.25
22,3,2,6.0
22,3,3,3.0
22,3,4,7.5
22,3,5,3.0
22,3,6,4.5
22,3,7,1.5
22,3,8,4.5
22,3,9,4.5
22,3,10,1.5
22,3,11,6.0
22,3,12,6.0
22,3,13,1.5
22,3,14,4.5
22,3,15,0.0
22,3,16,3.0
22,3,17,4.5
22,3,18,3.0
22,3,19,7.5
22,3,20,3.375
22,3,21,3.0
22,3,22,3.0
22,3,23,1.5
22,3,24,3.0
22,3,25,1.5
22,3,26,6.0
22,3,27,9.0
22,3,28,12.0
22,3,29,6.0
22,3,30,6.0
22,3,31,1.5
22,3,32,9.0
22,3,33,10.5
22,3,34,3.375
22,3,35,4.5
22,3,36,1.5
22,3,37,1.5
22,3,38,10.5
22,3,39,7.5
22,3,40,4.5
22,3,41,9.0
22,3,42,3.0
22,3,43,6.0
22,3,44,16.5
22,3,45,9.0
22,3,46,1.5
22,3,47,6.0
22,3,48,7.5
22,3,49,6.0
22,3,50,9.0
22,4,1,0.0
22,4,2,4.5
22,4,3,3.0
22,4,4,7.5
22,4,5,1.5
22,4,6,4.5
22,4,7,6.0
22,4,8,7.5
22,4,9,4.5
22,4,10,12.0
22,4,11,7.5
22,4,12,7.5
22,4,13,2.625
22,4,14,6.0
22,4,15,2.25
22,4,16,3.0
22,4,17,7.5
22,4,18,10.5
22,4,19,13.5
22,4,20,3.0
22,4,21,6.0
22,4,22,3.0
22,4,23,1.875
22,4,24,4.5
22,4,25,2.625
22,4,26,4.5
22,4,27,4.5
22,4,28,9.0
22,4,29,6.0
22,4,30,6.0
22,4,31,6.0
22,4,32,9.0
22,4,33,10.5
22,4,34,3.75
22,4,35,6.0
22,4,36,4.5
22,4,37,3.0
22,4,38,4.5
22,4,39,12.0
22,4,40,7.5
22,4,41,7.5
22,4,42,4.5
22,4,43,9.0
22,4,44,13.5
22,4,45,4.5
22,4,46,2.625
22,4,47,4.5
22,4,48,3.0
22,4,49,4.5
22,4,50,4.5
22,5,1,0.0
22,5,2,2.25
22,5,3,6.0
22,5,4,4.5
22,5,5,4.5
22,5,6,6.0
22,5,7,7.5
22,5,8,6.0
22,5,9,3.0
22,5,10,6.0
22,5,11,4.5
22,5,12,6.0
22,5,13,0.75
22,5,14,4.5
22,5,15,0.75
22,5,16,4.5
22,5,17,1.5
22,5,18,4.5
22,5,19,12.0
22,5,20,6.0
22,5,21,1.5
22,5,22,4.5
22,5,23,2.625
22,5,24,6.0
22,5,25,1.5
22,5,26,4.5
22,5,27,4.5
22,5,28,7.5
22,5,29,9.0
22,5,30,1.5
22,5,31,3.0
22,5,32,15.0
22,5,33,13.5
22,5,34,3.375
22,5,35,6.0
22,5,36,7.5
22,5,37,4.5
22,5,38,15.0
22,5,39,10.5
22,5,40,7.5
22,5,41,12.0
22,5,42,3.0
22,5,43,6.0
22,5,44,21.0
22,5,45,7.5
22,5,46,3.375
22,5,47,13.5
22,5,48,12.0
22,5,49,7.5
22,5,50,7.5
22,6,1,0.75
22,6,2,1.875
22,6,3,3.0
22,6,4,3.0
22,6,5,1.875
22,6,6,6.0
22,6,7,1.5
22,6,8,4.5
22,6,9,3.0
22,6,10,1.5
22,6,11,1.5
22,6,12,7.5
22,6,13,1.125
22,6,14,3.0
22,6,15,1.5
22,6,16,3.0
22,6,17,4.5
22,6,18,4.5
22,6,19,6.0
22,6,20,3.0
22,6,21,3.0
22,6,22,3.0
22,6,23,2.625
22,6,24,4.5
22,6,25,1.5
22,6,26,6.0
22,6,27,4.5
22,6,28,6.0
22,6,29,4.5
22,6,30,4.5
22,6,31,1.5
22,6,32,3.0
22,6,33,4.5
22,6,34,1.5
22,6,35,4.5
22,6,36,1.5
22,6,37,1.5
22,6,38,3.0
22,6,39,10.5
22,6,40,3.0
22,6,41,6.0
22,6,42,1.875
22,6,43,3.0
22,6,44,3.0
22,6,45,6.0
22,6,46,1.5
22,6,47,4.5
22,6,48,6.0
22,6,49,3.0
22,6,50,7.5
